,filenanes,index,title
0,3/9/3/1/39315/39315.txt,39315,"Punch, or the London Charivari, Vol. 93, Nov. 11, 1887, by Various"
1,8/6/863/863-0.txt,863,"The Mysterious Affair at Styles, by Agatha Christie"
2,3/1/4/3/31432/31432-0.txt,31432,"Histoire litt?ire d'Italie (1/9), by Pierre-Louis Ginguen?"
3,2/6/2/2621/2621.txt,2621,"The Home Book of Verse, Vol. 3, by Burton Egbert Stevenson"
4,2/8/9/2/28927/28927-8.txt,28927,"La bodega, by Vicente Blasco Ib?z"
5,4/3/0/0/43004/43004-8.txt,43004,"La pÃªcheuse d'Ã¢mes, by Ritter von Leopold Sacher-Masoch"
6,5/0/7/1/50711/50711-8.txt,50711,"Salliman oikkuja, by Santeri Alkio"
7,3/1/7/7/31770/31770.txt,31770,"The Struggle for Missouri, by John McElroy"
8,3/8/9/0/38901/38901.txt,38901,"Twelfth Night, by William Shakspeare and J. P. Kemble"
9,4/2/2/4228/4228.txt,4228,"Giordano Bruno, by Walter Pater"
10,4/8/1/9/48195/48195-8.txt,48195,"A Report upon the Mollusk Fisheries of Massachusetts,"
11,4/0/5/4056/4056.txt,4056,"Two Festivals, Eliza Lee Cabot Follen"
12,2/7/6/9/27699/27699.txt,27699,"McClure's Magazine, Vol 31, No 2, June 1908, by Various"
13,2/7/7/7/27778/27778.txt,27778,"Outlines of Dairy Bacteriology, 8th edition, by H. L. Russell"
14,3/4/0/5/34054/34054-8.txt,34054,"Sipolan Aapon kosioretki, by Jussi"
15,1/6/3/8/16386/16386-8.txt,16386,"Juan Tamad, by Anonymous"
16,2/4/7/3/24731/24731.txt,24731,"The Tale of Grunty Pig, by Arthur Scott Bailey"
17,3/2/4/2/32423/32423.txt,32423,"Encyclopaedia Britannica, 11th Edition, Volume 7, Slice 6, by Various"
18,5/2/0/3/52032/52032-0.txt,52032,"A Dissertation on the Books of Origen against Celsus,"
19,3/5/6/7/35678/35678.txt,35678,"France, by Gordon Cochrane Home"
20,4/8/7/0/48700/48700-0.txt,48700,"On Cambrian and Cumbrian Hills, by Henry Stephens Salt"
21,4/4/6/6/44660/44660.txt,44660,"Punch, or the London Charivari, Vol. 109, July 13, 1895, by Various"
22,2/9/0/2/29025/29025.txt,29025,Roman Catholicism in Spain by Anonymous
23,3/2/4/4/32445/32445.txt,32445,"The Pain and Sorrow of Evil Marriage, by Wynkyn de Worde"
24,3/0/2/8/30281/30281-8.txt,30281,"Die R?erbande, by Leonhard Frank"
25,4/7/9/8/47983/47983-8.txt,47983,"Lumikenttien tytÃ_r, by Jack London"
26,1/2/8/8/12885/12885-0.txt,12885,"Bundling; Its Origin, Progress and Decline in America, Henry Reed Stiles"
27,3/9/7/6/39769/39769.txt,39769,"Ghosts I Have Seen, by Violet Tweedale"
28,7/3/5/7355/7355.txt,7355,"Texas, by William H. Wharton"
29,1/5/3/4/15348/15348.txt,15348,"Blown to Bits, by Robert Michael Ballantyne"
30,3/6/7/9/36799/36799.txt,36799,"History Of The Last Trial By Jury For Atheism In England,"
31,3/4/6/8/34682/34682.txt,34682,"The Secret Pact, by Mildred A. Wirt"
32,5/4/5/5451/5451.txt,5451,"An Egyptian Princess, Vol. 2, by Georg Ebers"
33,2/3/0/1/23011/23011.txt,23011,"Eatin' Crow; and The Best Man In Garotte, by Frank Harris"
34,1/4/4/9/14498/14498.txt,14498,"A Handbook to the Works of Browning (6th ed.), by Mrs. Sutherland Orr"
35,2/5/9/7/25974/25974.txt,25974,"God's Plan with Men, by T. T. (Thomas Theodore) Martin"
36,1/6/7/1/16714/16714.txt,16714,"Under Sealed Orders, by H.A. Cody"
37,3/7/5/7/37574/37574.txt,37574,"Great Inventions and Discoveries, by Willis Duff Piercy"
38,2/4/3/5/24359/24359.txt,24359,"The Return of Peter Grimm, by David Belasco"
39,1/1/9/1195/1195.txt,1195,"Glasses, by Henry James"
40,1/6/2/1625/1625.txt,1625,"The Frozen Deep, by Wilkie Collins"
41,3/2/1/4/32149/32149.txt,32149,"Unbegotten Child, by Winston Marks"
42,1/2/8/6/12862/12862.txt,12862,"Aldo le rimeur, by George Sand"
43,1/1/0/2/11029/11029.txt,11029,"American Hero-Myths, by Daniel G. Brinton"
44,2/2/0/5/22059/22059.txt,22059,"Balthasar, by Anatole France"
45,4/9/7/4974/4974.txt,4974,"Australia Twice Traversed, The Romance of Exploration, by Ernest Giles"
46,5/0/7/5071/5071.txt,5071,"The Philanderer, by George Bernard Shaw"
47,1/6/7/5/16756/16756.txt,16756,"The Bobbsey Twins at the County Fair, by Laura Lee Hope"
48,2/0/8/7/20870/20870.txt,20870,"The Motor Girls Through New England, by Margaret Penrose"
49,5/5/0/5509/5509.txt,5509,"Arachne, Vol. 2, by Georg Ebers"
50,4/8/7/9/48793/48793-0.txt,48793,"Bacteria, by George NewmanÂ Â Â Â Â Â Â Â Â Â Â Â Â Â Â Â Â Â Â Â Â Â Â Â Â Â Â Â Â Â Â Â Â Â Â Â Â Â Â Â Â Â Â Â Â Â "
51,5/1/2/5/51258/51258.txt,51258,"A Bad Day for Vermin, by Keith LaumerÂ Â Â Â Â Â Â Â Â Â Â Â Â Â Â Â Â Â Â Â Â Â Â Â Â Â Â Â Â Â Â Â Â Â Â "
52,1/7/5/4/17542/17542-0.txt,17542,"Ph?ssa, by Remy de Gourmont"
53,1/0/5/8/10586/10586.txt,10586,"Mike and Psmith, by P. G. Wodehouse"
54,1/2/1/0/12101/12101.txt,12101,"A Social History of the American Negro, by Benjamin Brawley"
55,3/0/3/1/30315/30315.txt,30315,"Raeburn, by James L. Caw"
56,2/8/4/2/28427/28427-8.txt,28427,"M?ires du prince de Talleyrand, Volume II (of V),"
57,3/1/9/8/31985/31985.txt,31985,"Perfect Control, by Richard Stockham"
58,1/1/2/4/11243/11243.txt,11243,"Miles Wallingford: Sequel to Afloat and Ashore, by James Fenimore Cooper"
59,1/5/1/9/15196/15196.txt,15196,"Punch, Vol. 103, September 10, 1892, ed. by Sir Francis Burnand"
60,3/2/5/0/32508/32508.txt,32508,"The Blind Lion of the Congo, by Elliott Whitney"
61,3/2/0/3/32031/32031.txt,32031,"A Raw Recruit's War Experiences, by Ansel D. Nickerson"
62,2/7/3/8/27381/27381-8.txt,27381,"Histoire du Consulat et de l'Empire, (Vol. 2 / 20), by Adolphe Thiers"
63,2/0/4/4/20449/20449.txt,20449,"The Plum Tree, by David Graham Phillips"
64,6/4/1/6419/6419.txt,6419,"U.S. Copyright Renewals, 1959, by U.S. Copyright Office"
65,1/2/2/0/12203/12203.txt,12203,"Odd Craft, Part 3: Blundell's Improvement, by W.W. Jacobs"
66,4/7/0/1/47016/47016.txt,47016,"Ainslee's magazine, Vol. 16, No. 2, September, 1905, by Various"
67,8/5/2/8521/8521.txt,8521,"Maintaining Health, by R. L. Alsaker"
68,4/4/5/8/44581/44581.txt,44581,"The Stoneground Ghost Tales, by E. G. Swain"
69,2/7/0/1/27016/27016-0.txt,27016,"Eight dwelling places of Buddhist immortals, by Five colors stone"
70,1/1/6/7/11676/11676.txt,11676,"The Balkan Wars: 1912-1913, by Jacob Gould Schurman"
71,1/3/9/5/13958/13958.txt,13958,"Authoritative Life of General William Booth, by George Scott Railton"
72,1/5/5/4/15541/15541.txt,15541,"What Two Children Did, by Charlotte E. Chittenden"
73,3/9/8/5/39851/39851.txt,39851,"Victorian Literature, by Clement K. Shorter"
74,1/3/8/3/13833/13833.txt,13833,"Blackfeet Indian Stories, by George Bird Grinnell"
75,1/9/3/3/19338/19338.txt,19338,"The Keeper, by Henry Beam Piper"
76,2/9/2/2926/2926.txt,2926,"A Critical Examination Of The Position Of Mr. Darwin's Work, ""On"
77,3/2/8/6/32863/32863.txt,32863,"Cottage Economy, by William Cobbett"
78,1/4/6/1463/1463.txt,1463,"The Private Papers of Henry Ryecroft, by George Gissing"
79,4/5/3/5/45350/45350.txt,45350,"Anno Domini 2071, by Pieter Harting"
80,4/9/2/7/49274/49274-0.txt,49274,"A Guide to the Exhibition of English Medals, by Herbert A. Grueber"
81,2/7/9/8/27982/27982.txt,27982,"The Ocean Waifs, by Mayne Reid"
82,1/6/9/3/16933/16933.txt,16933,"Joan of Arc, by Ronald Sutherland Gower"
83,1/4/8/3/14839/14839-8.txt,14839,"Filipinas Dentro De Cien Anos (Estudio Politico-Social), by Jose Rizal"
84,1/3/8/1/13812/13812.txt,13812,"Sir Mortimer, by Mary Johnston"
85,4/1/0/2/41021/41021.txt,41021,"Clara Vaughan, Volume II (of III), by R. D. Blackmore"
86,1/9/1/1911/1911.txt,1911,"Concerning Christian Liberty, by Martin Luther"
87,4/4/0/2/44027/44027.txt,44027,"The Expositor's Bible: The Psalms, Volume III, by Alexander Maclaren"
88,2/6/261/261.txt,261,"A Dome of Many-Coloured Glass, by Amy Lowell"
89,4/4/3/6/44369/44369.txt,44369,"Pals, by Joseph Bowes"
90,1/1/7/3/11730/11730.txt,11730,"With the Allies, by Richard Harding Davis"
91,4/9/3/9/49391/49391-8.txt,49391,"True Stories of The Great War, Vol. 4 of 6, by Various"
92,4/0/8/4081/4081.txt,4081,"The Alchemist, by Ben Jonson"
93,4/6/1/2/46127/46127.txt,46127,"The Motor Boys Over the Ocean, by Clarence Young"
94,3/8/3/0/38305/38305.txt,38305,"Endurance Test, by Alan Douglas"
95,5/4/545/545.txt,545,"At the Earth's Core, by Edgar Rice Burroughs"
96,3/7/0/6/37069/37069-0.txt,37069,"Das Tabu und die Ambivalenz der Gef?regungen, by Sigmund Freud"
97,4/7/5/1/47513/47513-0.txt,47513,"The Flea, by Harold Russell"
98,1/1/1/5/11157/11157.txt,11157,"The Atlantic Monthly, Vol. 8, No. 46, August, 1861, by Various"
99,1/5/2/1524/1524.txt,1524,"Hamlet, by William Shakespeare"
100,2/6/4/5/26455/26455.txt,26455,"A History of Lumsden's Battery, C.S.A., by George Little"
101,6/8/687/687.txt,687,"A Personal Record, by Joseph Conrad"
102,4/1/8/4/41847/41847.txt,41847,"Baseball Joe in the Central League, by Lester Chadwick"
103,2/5/4/0/25405/25405.txt,25405,"Honey-Bee, by Anatole France"
104,1/6/4/0/16403/16403.txt,16403,"Led Astray and The Sphinx, by Octave Feuillet"
105,8/0/0/8005/8005.txt,8005,"The Bible, King James, Numbers        Book  5[#25][bib05xxx.xxx]"
106,2/0/5/2059/2059.txt,2059,"The Little Shepherd of Kingdom Come, by John Fox"
107,3/3/6/3363/3363.txt,3363,"Fennel and Rue, by William Dean Howells"
108,2/7/5/2/27524/27524.txt,27524,"Hampton Court, by Walter Jerrold"
109,1/0/103/103.txt,103,"Around the World in 80 Days, by Jules Verne"
110,1/3/3/7/13370/13370.txt,13370,"Q. E. D., or New Light on the Doctrine of Creation, by Price"
111,4/8/6/5/48651/48651-0.txt,48651,"Viaje a America, Tomo 1 de 2, by Rafael Puig y VallsÂ Â Â Â Â Â Â Â Â Â Â Â Â Â Â Â Â Â Â Â "
112,3/4/9/1/34919/34919.txt,34919,"Vision House, by C. N.  Williamson and A. M.  Williamson"
113,1/7/9/4/17942/17942-8.txt,17942,"Fables de La Fontaine, Tome Second, by Jean de La Fontaine"
114,1/3/3/4/13344/13344.txt,13344,"The Moral Picture Book, by Anonymous"
115,2/4/5/4/24548/24548.txt,24548,"""Shiloh"" as Seen by a Private Soldier, by Warren Olney"
116,4/8/7/5/48755/48755-8.txt,48755,"ElÃ_mÃ_stÃ_, by KÃ¶ssi Kaatra"
117,4/8/8/6/48860/48860-0.txt,48860,"The Brown Owl, by Ford H. Madox Hueffer"
118,1/4/4/1449/1449.txt,1449,"The Valley of the Moon, by Jack London"
119,2/6/4/3/26435/26435-8.txt,26435,"L'amant rendu cordelier a l'observance d'amour, by Martial d'Auvergne"
120,4/8/3/8/48389/48389.txt,48389,"Six Girls and the Tea Room, by Marion Ames Taggart"
121,2/8/7/8/28784/28784.txt,28784,"Letters to his mother, Ann Borrow, and Other Correspondents"
122,3/9/5/9/39590/39590-0.txt,39590,"Some Account of Llangollen and its Vicinity, by W. T. Simpson"
123,2/9/6/5/29658/29658.txt,29658,"Italy, the Magic Land, by Lilian Whiting"
124,3/1/3/0/31302/31302.txt,31302,"The Negro: what is His Ethnological Status? 2nd Ed.,"
125,7/8/3/7835/7835.txt,7835,"Lothair, by Benjamin Disraeli"
126,1/2/1/3/12137/12137.txt,12137,"La Legende des Siecles, by Victor Hugo"
127,2/8/5/7/28576/28576.txt,28576,"Cutting It out, by Samuel G. Blythe"
128,2/1/6/9/21695/21695.txt,21695,"Life in the Red Brigade, by R.M. Ballantyne"
129,4/6/3/2/46329/46329.txt,46329,"The Swamp Doctor's Adventures in The South-West, by John Robb"
130,3/6/5/3/36532/36532.txt,36532,"The Orange Fairy Book, by Various"
131,4/4/0/0/44004/44004.txt,44004,"Warren Commission Hearings (4 of 26), Vol. 4 of 15, by The"
132,1/3/1/2/13126/13126.txt,13126,"The King's Daughter and Other Stories for Girls, by Various"
133,4/6/6/8/46689/46689-0.txt,46689,"Burgundy: The Splendid Duchy, by Percy Allen"
134,3/4/2/6/34267/34267.txt,34267,"The Morality of Woman and Other Essays, by Ellen Key"
135,1/6/5/9/16594/16594.txt,16594,"A Short History of English Agriculture, by W. H. R. Curtler"
136,2/0/8/8/20885/20885.txt,20885,"The Promised Land, by Mary Antin"
137,2/1/7/1/21716/21716.txt,21716,"The Battery and the Boiler, by R.M. Ballantyne"
138,3/6/7/3677/3677.txt,3677,"On Our Selection, by Steele Rudd"
139,4/9/8/3/49830/49830.txt,49830,"Treasures in Heaven, by Various"
140,2/7/5/1/27511/27511.txt,27511,"The Free Range, by Elwell Lawrence"
141,5/0/0/4/50046/50046-0.txt,50046,"The Writings of Thomas Jefferson, Volume 2 of 9, by Thomas Jefferson"
142,3/0/6/3062/3062.txt,3062,"RÃ¶mische Geschichte, Band 3, by Theodor Mommsen"
143,6/2/6/6262/6262.txt,6262,"The Weavers,             by G. Parker, v2  [GP#89][gp89wxxx.xxx]"
144,2/5/9/2/25922/25922.txt,25922,"Masters of the Wheat-Lands, by Harold Bindloss"
145,1/8/1/5/18154/18154.txt,18154,"Calumet ""K"", by Samuel Merwin and Henry Kitchell Webster"
146,4/7/8/5/47858/47858-0.txt,47858,"The Islets of the Channel, by Walter Cooper Dendy"
147,1/6/7/6/16766/16766.txt,16766,"All on the Irish Shore, by E. Somerville and Martin Ross"
148,1/2/3/8/12388/12388.txt,12388,"The Courage of Captain Plum, by James Oliver Curwood"
149,4/9/3/4/49342/49342.txt,49342,"The Stickit Minister's Wooing, by S. R. Crockett"
150,2/3/6/4/23646/23646.txt,23646,"The Pharaoh and the Priest, by Boleslaw Prus"
151,2/6/4/0/26405/26405.txt,26405,"Penguin Persons & Peppermints, by Walter Prichard Eaton"
152,1/2/3/1/12312/12312.txt,12312,"A King, and No King, by Francis Beaumont and John Fletcher"
153,3/1/8/1/31812/31812-8.txt,31812,"Adlercreutzin sanansaattaja, by Jon Olof ?erg"
154,2/8/2/4/28248/28248.txt,28248,"The Testimony of the Rocks, by Hugh Miller"
155,2/8/4/7/28472/28472.txt,28472,"Patrician and Plebeian, by Thomas J. Wertenbaker"
156,4/7/478/478.txt,478,"The Cost, by David Graham Phillips"
157,1/0/8/4/10848/10848.txt,10848,"Natalie, by Ferna Vale"
158,3/0/7/0/30708/30708.txt,30708,"History of the Rise of the Huguenots, by Henry Baird"
159,6/8/0/6809/6809.txt,6809,"The Doctor's Daughter, by ""Vera"""
160,1/0/8/5/10850/10850.txt,10850,"Philaster, by Francis Beaumont and John Fletcher"
161,3/5/1/2/35127/35127.txt,35127,"Frank Merriwell's Return to Yale, by Burt L. Standish"
162,3/0/2/1/30213/30213-8.txt,30213,"Algo de todo, by Juan Valera"
163,3/2/3/8/32381/32381-8.txt,32381,"Christo n?volta, by Alberto Pimentel"
164,3/3/5/3/33533/33533.txt,33533,"The Convict's Farewell, by James Parkerson"
165,8/1/1/8112/8112.txt,8112,"Houses of Aborigines, by Lewis H. Morgan          [haborxxx.xxx]"
166,2/2/6/0/22602/22602.txt,22602,"Punch, Vol. 150, January 5, 1916, ed. by Sir Owen Seaman"
167,1/9/6/7/19676/19676.txt,19676,"Shakespeare and Music, by Edward W. Naylor"
168,3/2/5/4/32545/32545.txt,32545,"The Haunters of the Silences, by Charles G. D. Roberts"
169,4/0/9/0/40902/40902-8.txt,40902,Histoire amoureuse des Gaules suivie des Romans historico-
170,3/5/4/2/35424/35424.txt,35424,"The Amethyst Box, by Anna Katherine Green"
171,5/1/3/3/51339/51339-8.txt,51339,"HuutolaistyttÃ¶, by Heikki MerilÃ_inen"
172,4/8/3/6/48369/48369-8.txt,48369,"Veripunainen ruusu, by Marja Salmela"
173,2/3/3/4/23349/23349.txt,23349,"The Religious Experience of the Roman People, by W. Warde Fowler"
174,3/5/6/1/35610/35610.txt,35610,"McClure's Magazine, Vol. 1, No. 3, August, 1893, by Various"
175,4/7/7/7/47778/47778.txt,47778,"Battle of the Crater and Experiences of Prison Life,"
176,3/2/8/3286/3286.txt,3286,"Selections from the Speeches and Writings of Edmund Burke,"
177,5/1/6/9/51690/51690-0.txt,51690,"Elektitaj fabloj de J. de La Fontaine, by Jean de La Fontaine"
178,2/8/8/8/28887/28887.txt,28887,"The Boy Broker, by Frank A. Munsey"
179,5/0/6/8/50689/50689-8.txt,50689,"One in a Thousand, by George Payne Rainsford James"
180,3/4/3/7/34377/34377.txt,34377,The Preaching Tours and Missionary Labours of George M?r
181,3/6/0/0/36006/36006.txt,36006,"Diphtheria, by Public Health Service"
182,1/4/4/7/14476/14476.txt,14476,"Life of Robert Browning, by William Sharp"
183,2/4/6/3/24638/24638-8.txt,24638,"Kahdeksantoista runoniekkaa, by Various"
184,2/3/0/1/23013/23013.txt,23013,"""George Washington's"" Last Duel, by Thomas Nelson Page"
185,2/6/6/0/26600/26600.txt,26600,"Mother Earth, Vol. 1 No. 1, March 1906, ed. by Emma Goldman"
186,1/3/7/1/13710/13710.txt,13710,"Punch, Vol. 101, Sep. 12, 1891, ed. by Sir Francis Burnand"
187,3/7/4/7/37474/37474-8.txt,37474,"Yst?ni kertomus, by Mathilda Roos"
188,1/0/6/8/10688/10688.txt,10688,"The Campfire Girls at Camp Keewaydin, by Hildegard G. Frey"
189,1/0/3/1038/1038-0.txt,1038,"Style, by Walter Raleigh"
190,2/5/9/2592/2592-0.txt,2592,"The Small Catechism of Martin Luther, by Martin Luther"
191,1/6/8/6/16864/16864.txt,16864,"Service in the Hudson's Bay Territory, Vol. 2 (of 2), by John M'lean"
192,5/4/8/5487/5487.txt,5487,"The Emperor, Vol. 5, by Georg Ebers"
193,2/8/7/2874/2874.txt,2874,"Personal Recollections of Joan of Arc, Vol. 1, by Mark Twain"
194,2/6/8/1/26815/26815-8.txt,26815,"Le Roman d'un jeune homme pauvre (Novel), by Octave Feuillet"
195,4/1/6/1/41619/41619.txt,41619,"The Haunting of Low Fennel, by Sax Rohmer"
196,1/1/7/3/11739/11739.txt,11739,"Individualisme en socialisme, by Oscar Wilde"
197,3/1/9/7/31974/31974.txt,31974,"Last Days of the Rebellion, by Alanson M. Randol"
198,1/8/7/1872/1872.txt,1872,"The Red House Mystery, by A. A. Milne"
199,6/7/9/6790/6790.txt,6790,"Demetrius, by Frederich Schiller"
200,2/3/3/1/23310/23310.txt,23310,"Bird Stories and Dog Stories, by Anonymous"
201,7/3/8/7388/7388.txt,7388,"The Poetical Works of Oliver Wendell Holmes, Vol. 1, by Holmes, Sr."
202,2/2/5/0/22507/22507-8.txt,22507,"Romanzo d'una signorina per bene, by Anna Vertua Gentile"
203,4/1/8/4/41842/41842-0.txt,41842,"El aceite de olivas, by Alejandro Bizzarri"
204,1/4/8/0/14803/14803-0.txt,14803,"Journal des Goncourt (Deuxieme Volume), by Goncourt"
205,3/5/1/3/35139/35139.txt,35139,Manual for Noncommissioned Officers and Privates of
206,1/8/0/0/18004/18004.txt,18004,"Told in a French Garden, by Mildred Aldrich"
207,1/0/8/8/10880/10880.txt,10880,"Teddy's Button, by Amy Le Feuvre"
208,2/0/7/7/20776/20776.txt,20776,"Encyclopedia of Needlework, by Therese de Dillmont"
209,6/6/0/6604/6604.txt,6604,"Two Months in the Camp of Big Bear, by Theresa Gowanlock"
210,3/2/9/3/32935/32935.txt,32935,"What a Man Wills, by Mrs. George de Horne Vaizey"
211,2/4/6/0/24603/24603.txt,24603,"The House of Toys, by Henry Russell Miller"
212,6/0/4/6041/6041.txt,6041,"Stories by English Authors: The Sea, by Various   [seasexxx.xxx]"
213,2/3/2/6/23263/23263.txt,23263,"The Fugitives, by R.M. Ballantyne"
214,2/9/7/5/29756/29756.txt,29756,"The Cat of Bubastes, by G. A. Henty"
215,5/0/0/3/50038/50038-0.txt,50038,"The story of Hungary, by ÃÅrmin VÃ¡mbÃ©ry"
216,4/1/9/7/41973/41973.txt,41973,"Yachting Vol. 2, by R. T. Pritchett, Marquis Durrerin,"
217,4/9/6/9/49694/49694.txt,49694,"The Duke in the Suburbs, by Edgar Wallace"
218,2/4/6/7/24673/24673.txt,24673,"A Phenomenal Fauna, by Carolyn Wells"
219,1/7/1/1/17115/17115.txt,17115,"Fruits of Toil in the London Missionary Society, by Various"
220,2/7/1/0/27101/27101.txt,27101,"Life of Rear Admiral John Randolph Tucker, by James Henry Rochelle"
221,3/6/3/1/36311/36311-0.txt,36311,"The Problem of 'Edwin Drood', by W. Robertson Nicoll"
222,1/1/5/4/11549/11549.txt,11549,"The Life and Letters of Elizabeth Prentiss, by George L. Prentiss"
223,1/1/9/1191/1191.txt,1191,"The Double-Dealer, by William Congreve"
224,4/7/0/3/47034/47034-8.txt,47034,"Liukas-kielinen, by Friedrich von Schiller"
225,2/2/8/8/22881/22881.txt,22881,"My Friend Bobby, by Alan Edward Nourse"
226,1/8/9/1/18911/18911.txt,18911,"Biology, by Edmund Beecher Wilson"
227,3/5/1/9/35192/35192.txt,35192,"Kant und Goethe, by Georg Simmel"
228,4/6/6/0/46605/46605.txt,46605,"Thomas Otway, by Thomas Otway"
229,2/4/0/6/24061/24061.txt,24061,"Jimmy Crow, by Edith Francis Foster"
230,4/9/6/4/49646/49646-8.txt,49646,"Lauluja Anakreonilta, by Anacreon"
231,3/8/1/4/38146/38146.txt,38146,"Mr. Punch on the Warpath, by Various"
232,4/3/1/5/43150/43150.txt,43150,"The Constant Prince, by Christobel Coleridge"
233,3/5/5/8/35586/35586.txt,35586,"Reminiscences of a Canadian Pioneer for the last Fifty Years,"
234,2/4/0/2/24023/24023.txt,24023,"History of the United States, Volume 6 (of 6), by E. Benjamin Andrews"
235,6/6/2/6627/6627.txt,6627,"Barriers Burned Away, by E. P. Roe"
236,1/2/8/9/12896/12896.txt,12896,"Essays AEsthetical, by George Calvert"
237,4/0/3/9/40391/40391.txt,40391,"Der Dichter in Dollarica, by Ernst von Wolzogen"
238,4/6/3/4/46346/46346.txt,46346,"The History of Miss Betsy Thoughtless, by Eliza Haywood"
239,2/7/1/6/27161/27161.txt,27161,"'Our guy', by Mrs. E. E. Boyd"
240,5/2/0/1/52019/52019-8.txt,52019,"Ellen Levis, by Elsie SingmasterÂ Â Â Â Â Â Â Â Â Â Â Â Â Â Â Â Â Â Â Â Â Â Â Â Â Â Â Â Â Â Â Â Â Â Â Â Â Â Â Â "
241,1/4/9/8/14985/14985.txt,14985,"Valere Aude, by Louis Dechmann"
242,5/1/6/1/51610/51610.txt,51610,"Solid Solution, by James Stamers"
243,4/3/7/9/43792/43792.txt,43792,"The History of Modern Painting, Volume 1 (of 4), by Richard Muther"
244,1/8/7/7/18773/18773-8.txt,18773,"La San-Felice, Tome V, by Alexandre Dumas"
245,7/5/8/7587/7587.txt,7587,"The Caxtons,     by E. B. Lytton, Part 2   [BL#16][b016wxxx.xxx]"
246,3/0/9/0/30901/30901.txt,30901,"Fee of the Frontier, by Horace Brown Fyfe"
247,2/1/7/8/21784/21784.txt,21784,"The Goblins' Christmas, by Elizabeth Anderson"
248,1/3/3/1335/1335.txt,1335,"The Ancien Regime, by Charles Kingsley"
249,3/2/7/3273/3273.txt,3273,"The Complete Works of Artemus Ward, Part 3"
250,6/8/7/6873/6873.txt,6873,"Mark Twain, by Archibald Henderson"
251,2/9/4/5/29455/29455.txt,29455,"Invasion, by William Fitzgerald Jenkins"
252,1/5/4/4/15442/15442.txt,15442,"Punch, Vol. 101, October 31, 1891, ed. by Sir Francis Burnand"
253,5/3/0/5305/5305-0.txt,5305,"Travels in the Interior of Africa, Vol. 2 of 2, by Mungo Park"
254,2/1/7/5/21758/21758.txt,21758,"Hudson Bay, by R.M. Ballantyne"
255,9/8/4/9848/9848.txt,9848,"A Select Collection of Old English Plays, Vol. VI, by Robert Dodsley"
256,2/1/8/7/21872/21872.txt,21872,"The Life of David, by Alexander Maclaren"
257,4/6/9/4698/4698.txt,4698,"Whitefoot the Wood Mouse, by Thornton W. Burgess"
258,1/2/0/1/12018/12018.txt,12018,"Notes & Queries, No. 17, 1850.02.23, by Various"
259,2/2/6/5/22652/22652.txt,22652,"A Campfire Girl's Test of Friendship, by Jane L. Stewart"
260,2/5/2/6/25267/25267.txt,25267,"Astronomy for Amateurs, by Camille Flammarion"
261,5/0/4/8/50481/50481-8.txt,50481,"Koditon, by Hector Malot"
262,3/6/4/3/36433/36433.txt,36433,"Chronicles of the Schonberg-Cotta Family, by Elizabeth Rundle Charles"
263,3/8/9/7/38975/38975-8.txt,38975,"Karl Marx en zijne voorgangers, by Jos. Loopuit"
264,3/5/8/8/35883/35883.txt,35883,"War Inconsistent with the Religion of Jesus Christ, by David Low Dodge"
265,6/4/7/6471/6471.txt,6471,"Children of the New Forest, by Capt. Marryat"
266,2/6/4/9/26495/26495.txt,26495,"A System of Logic, Ratiocinative and Inductive, by John Stuart Mill"
267,2/7/2/5/27256/27256.txt,27256,"A Pioneer Railway of the West, by Maude Ward Lafferty"
268,1/5/2/7/15279/15279.txt,15279,"A Letter Addressed to the Abbe Raynal, by Thomas Paine"
269,1/3/1/6/13168/13168.txt,13168,"Dick in the Everglades, by A. W. Dimock"
270,1/5/4/6/15465/15465.txt,15465,"Parisian Points of View, by Ludovic Hal?"
271,4/1/0/7/41070/41070-8.txt,41070,"The Works of Hubert Howe Bancroft, Volume 1, by Hubert Howe Bancroft"
272,4/4/6/8/44689/44689-8.txt,44689,"Histoire de la Monarchie de Juillet, Volume 6 de 7,"
273,3/3/5/0/33504/33504.txt,33504,"Opticks, by Isaac Newton"
274,4/5/3/3/45331/45331.txt,45331,"The Library of Work and Play: Electricity and Its Everyday Uses,"
275,3/9/6/9/39699/39699-0.txt,39699,"Magyar n?allad?(Magyar remekir?5. k?), by S?or Endrodi"
276,6/1/6/6168/6168.txt,6168,"Fifty Famous People, by James Baldwin             [fftyfxxx.xxx]"
277,4/1/8/0/41802/41802.txt,41802,"Frank in the Mountains, by Harry Castlemon"
278,3/8/7/4/38745/38745.txt,38745,"The Little Gleaner, Vol. X., by Various"
279,4/6/2/4/46243/46243.txt,46243,"Divine Authority, by Orson Pratt"
280,3/2/8/2/32821/32821.txt,32821,"The Picturesque Antiquities of Spain, by Nathaniel Armstrong Wells"
281,4/2/4/2/42426/42426.txt,42426,"Gold Elsie, by E. Marlitt"
282,4/6/0/3/46032/46032.txt,46032,"Vitus Bering: the Discoverer of Bering Strait, by Peter Lauridsen"
283,4/5/7/1/45713/45713-0.txt,45713,"Aspazio, by Aleksander Swietochowski"
284,2/4/8/8/24886/24886.txt,24886,"Account of the Foxglove and some of its Medical Uses, William Withering"
285,1/8/8/1881/1881.txt,1881,"The Call of the Canyon, by Zane Grey"
286,5/0/1/9/50196/50196-0.txt,50196,"Rambles in Cuba, by AnonymousÂ Â Â Â Â Â Â Â Â Â Â Â Â Â Â Â Â Â Â Â Â Â Â Â Â Â Â Â Â Â Â Â Â Â Â Â Â Â Â Â Â Â Â "
287,3/2/9/2/32929/32929.txt,32929,"Thereby Hangs a Tale, by George Manville Fenn"
288,2/1/0/2106/2106.txt,2106,"History of Friedrich II of Prussia, Vol. 6 of 21, Double-Marriage"
289,4/6/5/4/46548/46548.txt,46548,"Children of the Dear Cotswolds, by L. Allen Harker"
290,2/1/2/9/21299/21299.txt,21299,"Blue Jackets, by George Manville Fenn"
291,1/7/1/9/17193/17193-8.txt,17193,S?y Ant? Nobre
292,2/4/0/2/24026/24026-8.txt,24026,"Joulun-aatto, by Charles Dickens"
293,3/9/4/0/39407/39407.txt,39407,"Kentucky in American Letters, v. 2 of 2, by John Wilson Townsend"
294,4/8/486/486.txt,486,"Ozma of Oz, by L. Frank Baum"
295,4/6/4/4649/4649.txt,4649,"Micromegas, by Voltaire, Romans v. 3 [Voltaire #5][mcrmgxxx.xxx]"
296,1/0/9/4/10941/10941-8.txt,10941,"Jumalainen naeytelmae: Helvetti, by Dante"
297,2/1/3/2136/2136.txt,2136,"The Tale of Balen, by Algernon Charles Swinburne"
298,2/0/5/1/20514/20514-8.txt,20514,"Ensitaistelujen ajoilta, by Otto Tiuppa"
299,3/0/1/7/30179/30179.txt,30179,"The Note-Book of an Attache, by Eric Fisher Wood"
300,4/2/4/1/42412/42412.txt,42412,"Blackwood's Edinburgh Magazine, No. 401, March 1849, by Various"
301,2/2/5/8/22587/22587.txt,22587,"Northern Nut Growers Association, 34th Annual Report, 1943"
302,2/5/2/6/25269/25269.txt,25269,"Elements of Plumbing, by Samuel Dibble"
303,4/5/2/4/45243/45243.txt,45243,"Popular British Ballads, Ancient and Modern, Vol. 3 of 4, by Various"
304,3/5/5/7/35578/35578.txt,35578,"The Empty Sleeve, by Henry H. Meacham"
305,1/0/4/6/10462/10462-8.txt,10462,"Clarissa, Volume 4 (of 9), by Samuel Richardson"
306,1/2/1/1213/1213.txt,1213,"The Man that Corrupted Hadleyburg, by Mark Twain"
307,2/7/9/3/27930/27930.txt,27930,"David Fleming's Forgiveness, by Margaret Murray Robertson"
308,3/5/4/7/35478/35478.txt,35478,"Neighbours, by Robert Stead"
309,3/6/1/3/36137/36137-0.txt,36137,"The Preface to the Aeneis of Virgil (1718), by Joseph  Trapp"
310,3/2/8/7/32879/32879.txt,32879,"Reflections upon Two Pamphlets Lately Published, by Anonymous"
311,1/2/4/8/12485/12485.txt,12485,"The Three Brides, by Charlotte M. Yonge"
312,4/9/4/2/49426/49426-0.txt,49426,"A Country Idyl and Other Stories, by Sarah Knowles Bolton"
313,1/9/7/0/19703/19703.txt,19703,"Madame Delphine, by George W. Cable"
314,5/0/500/500.txt,500,[Subtitle: A Record of High Endeavour and Strange Adventure from
315,3/2/4/3/32438/32438.txt,32438,"The Book of Courage, by John Thomson Faris"
316,4/3/7/2/43729/43729.txt,43729,"The Lost Pibroch, by Neil Munro"
317,9/2/9/9299/9299.txt,9299,"Italian Letters, Vols. I and II, by William Godwin"
318,1/7/5/5/17558/17558.txt,17558,"My Life as an Author, by Martin Farquhar Tupper"
319,3/6/1/6/36161/36161.txt,36161,"A Letter to Thomas F. Bayard, by Lysander Spooner"
320,2/7/1/2/27120/27120-0.txt,27120,"Litanaiit Liturgiillo, by Anonymous"
321,3/3/6/0/33607/33607.txt,33607,"The Mother of St. Nicholas, by Grant Balfour"
322,1/9/3/2/19324/19324.txt,19324,"The Wit and Humor of America, Volume VI (of X), by Various"
323,4/1/5/7/41570/41570.txt,41570,"The Asteroids, by Daniel Kirkwood"
324,4/3/4/0/43408/43408-0.txt,43408,"Les belles-de-nuit, tome I, by Paul FÃ©val"
325,3/8/4/9/38491/38491.txt,38491,"Notes and Queries, Vol. IV, Number 98, September 13, 1851, by Various"
326,4/1/9/4/41943/41943-0.txt,41943,"Madame de Longueville, by Victor Cousin"
327,3/4/6/7/34674/34674.txt,34674,"The Baron's Sons, by M??"
328,8/9/4/8946/8946.txt,8946,"Le Cote de Guermantes (Premiere partie), by Marcel Proust"
329,1/2/2/7/12279/12279.txt,12279,"The Maid-At-Arms, by Robert W. Chambers"
330,1/6/5/1659/1659.txt,1659,"The Girl with the Golden Eyes, by Honore de Balzac"
331,3/0/1/0/30105/30105.txt,30105,"The Strand Magazine, Volume V, Issue 26, February 1893, by Various"
332,1/7/3/0/17302/17302.txt,17302,"Tranasactions of the ASCE, Paper No. 1156, by B.F. Cresson, Jr"
333,5/9/4/5944/5944.txt,5944,"The History of Don Quixote, v.II, Pt 41, by Miguel de Cervantes Saavedra"
334,2/8/5/2/28528/28528.txt,28528,"A California Girl, by Edward Eldridge"
335,3/4/4/7/34478/34478.txt,34478,"The Modern Ku Klux Klan, by Henry Peck Fry"
336,4/4/9/9/44997/44997.txt,44997,"That Last Waif, by Horace Fletcher"
337,5/0/9/3/50933/50933-0.txt,50933,"Finding the Worth While in the Southwest, by Charles Francis Saunders"
338,3/5/4/2/35426/35426.txt,35426,"Polaris of the Snows, by Charles B. Stilson"
339,1/5/1/6/15168/15168.txt,15168,"Bowser The Hound, by Thornton W. Burgess"
340,2/9/5/7/29573/29573.txt,29573,"The O'Ruddy, by Stephen Crane and Robert Barr"
341,3/7/9/0/37905/37905.txt,37905,"The Anglo-French Entente in the Seventeenth Century,"
342,2/3/2/0/23208/23208.txt,23208,"How Janice Day Won, by Helen Beecher Long"
343,4/3/0/6/43063/43063.txt,43063,"A Case in Camera, by Oliver Onions"
344,5/2/0/5/52050/52050-0.txt,52050,"AutobiografÃ_a, by RubÃ©n DarÃ_oÂ Â Â Â Â Â Â Â Â Â Â Â Â Â Â Â Â Â Â Â Â Â Â Â Â Â Â Â Â Â Â Â Â Â Â Â Â Â Â Â "
345,1/5/8/7/15873/15873.txt,15873,"The Day of Days, by Louis Joseph Vance"
346,3/7/5/6/37560/37560.txt,37560,"Punch, or the London Charivari, Vol. 105, September 9, 1893, by Various"
347,3/9/5/9/39596/39596.txt,39596,"Georgina of the Rainbows, by Annie Fellows Johnston"
348,3/1/1/3113/3113.txt,3113,"Some Causes Of The Prevailing Discontent, by Charles Dudley Warner"
349,4/4/0/0/44002/44002.txt,44002,"Warren Commission Hearings (2 of 26), Vol. 2 of 15, by The"
350,2/4/6/2/24624/24624.txt,24624,"The Red Romance Book, by Various"
351,2/0/7/9/20793/20793.txt,20793,"Chambers's Edinburgh Journal, Vol. 17 New Series, No. 443, Jun 26, 1852"
352,8/4/8/8484/8484.txt,8484,"Scientific American Supplement, No. 430, March 29, 1884, by Various"
353,3/9/4/8/39484/39484.txt,39484,"Daddy's Bedtime Bird Stories, by Mary Graham Bonner"
354,2/4/5/9/24595/24595.txt,24595,"Cobb's Bill-of-Fare, by Irvin Shrewsbury Cobb"
355,3/7/8/5/37852/37852.txt,37852,"Chimneysmoke, by Christopher Morley"
356,3/6/7/7/36772/36772.txt,36772,"The Hearts of Men, by H. Fielding"
357,3/0/8/4/30844/30844.txt,30844,"""To Invade New York...."", by Irwin Lewis"
358,4/0/7/7/40772/40772.txt,40772,"Human Animals, by Frank Hamel"
359,4/4/2/6/44262/44262.txt,44262,"The Spanish Brothers, by Deborah Alcock"
360,2/4/0/5/24051/24051-0.txt,24051,"Li Wa Zhuan, by Xing Jian Bai"
361,5/1/1/9/51195/51195-0.txt,51195,"Camp Court and Siege, by Wickham Hoffman"
362,3/6/0/7/36077/36077-8.txt,36077,"De Nederlandsche Geslachtsnamen, by Johan Winkler"
363,3/4/9/2/34925/34925.txt,34925,"Parlous Times, by David Dwight Wells"
364,5/3/5/5356/5356.txt,5356,"The Inside of the Cup, Volume 1, by Winston Churchill"
365,3/8/4/3845/3845.txt,3845,"Memoirs Of Jean Francois Paul De Gondi, Cardinal De Retz, Vol. 4,"
366,3/9/5/3953/3953.txt,3953,"Cinq Mars, Complete, by Alfred de Vigny"
367,6/0/5/6056/6056.txt,6056,"The Desired Woman, by Will N. Harben"
368,1/3/1/3/13138/13138.txt,13138,"The Forgotten Threshold, by Arthur Middleton"
369,4/7/9/4/47947/47947-0.txt,47947,"Self Knowledge and Guide to Sex Instruction, by T. W. Shannon"
370,1/1/8/5/11855/11855-8.txt,11855,"U.S. Copyright Renewals, 1977 January - June,   by US Copyright Office"
371,2/1/8/9/21890/21890.txt,21890,"The Path to Home, by Edgar A. Guest"
372,4/1/5/0/41508/41508.txt,41508,"Seven Legs Across the Seas, by Samuel Murray"
373,2/2/2/1/22211/22211.txt,22211,"Gilian The Dreamer, by Neil Munro"
374,4/1/2/5/41257/41257-8.txt,41257,"L'evoluzione di Giosu?arducci, by Alfredo Panzini"
375,2/2/0/5/22052/22052.txt,22052,"Standish of Standish, by Jane G. Austin"
376,2/2/7/9/22792/22792.txt,22792,"Perils and Captivity, by Dard, Brisson and Godin"
377,1/6/0/0/16000/16000.txt,16000,"The Ship of Stars, by Arthur Thomas Quiller-Couch [a.k.a.: Q]"
378,3/2/0/0/32005/32005.txt,32005,"Border Raids and Reivers, by Robert Borland"
379,3/8/2/4/38244/38244-8.txt,38244,Histoire de France - Moyen Ã§e; (Vol. 2/10) by Jules Michelet
380,7/2/5/7254/7254.txt,7254,"Equinoctial Regions of America, Volume 3, by Alexander von Humboldt"
381,1/8/3/1/18310/18310.txt,18310,"The Delight Makers, by Adolf Bandelier"
382,1/0/7/8/10780/10780.txt,10780,"Only an Incident, by Grace Denio Litchfield"
383,1/2/5/2/12521/12521.txt,12521,"The Mirror of Literature, Amusement, and Instruction, Vol.20, No. 583"
384,3/7/6/9/37692/37692.txt,37692,"Cathedral Cities of Italy, by William Wiehe Collins"
385,4/2/7/0/42708/42708.txt,42708,"Woman under Monasticism, by Lina Eckenstein"
386,2/2/8/8/22887/22887.txt,22887,"The Courtship, Marriage, and Pic-Nic Dinner of Cock Robin & Jenny Wren"
387,1/1/8/0/11808/11808-8.txt,11808,"U.S. Copyright Renewals, 1953 July - December,  by US Copyright Office"
388,4/3/0/4/43042/43042.txt,43042,"The Expert Maid-Servant, by Cristine Terhune Herrick"
389,5/8/7/5876/5876.txt,5876,"Ten Englishmen of the Nineteenth Century,by J. Joy[tenenxxx.xxx]"
390,3/8/2/4/38242/38242-8.txt,38242,"Oeuvres, Tome II, by Constantin Francois Chasseboeuf Boisgirais Volney"
391,2/3/8/3/23835/23835-0.txt,23835,"Suei Tang Yan Yi, by Ren-Huo Chu"
392,1/3/7/5/13752/13752.txt,13752,"Wulfric the Weapon Thane, by Charles W. Whistler"
393,4/7/3/4/47349/47349-0.txt,47349,"The Wild Garden, by William Robinson"
394,4/0/8/3/40830/40830.txt,40830,"Twenty-Five Years in a Waggon in South Africa, by Andrew A. Anderson"
395,1/7/8/8/17885/17885.txt,17885,"Madelon, by Mary E. Wilkins Freeman"
396,9/2/6/9263/9263.txt,9263,"In the Midst of Alarms, by Robert Barr"
397,2/4/4/2445/2445.txt,2445,"Letters on England, by Voltaire"
398,1/5/1/0/15109/15109.txt,15109,"A Woman's Part in a Revolution, by Natalie Harris Hammond"
399,3/7/8/1/37813/37813.txt,37813,"Martyria, by Augustus C. Hamlin"
400,7/5/8/7583/7583.txt,7583,"Images from Ohnet's Serge Panine, by David Widger [dw67wxxh.xxx]"
401,3/1/5/7/31575/31575-8.txt,31575,"A Pata no Choco, by Anonymous"
402,1/7/7/7/17773/17773.txt,17773,"Slavery's Passed Away and Other Songs, by Various"
403,4/5/3/7/45379/45379.txt,45379,"Prairie-Dog Town, by Laura Bancroft"
404,4/0/2/0/40202/40202.txt,40202,"The Annals of Ann, by Kate Trimble Sharber"
405,2/4/0/7/24075/24075-0.txt,24075,"Qian Zi Wen, by Xing Si Zhou"
406,2/0/6/6/20667/20667.txt,20667,"A Canyon Voyage, by Frederick S. Dellenbaugh"
407,3/4/1/9/34198/34198.txt,34198,"The Will to Doubt, by Alfred H. Lloyd"
408,2/9/6/8/29683/29683.txt,29683,"The Little Girl Lost, by Eleanor Raper"
409,1/5/0/1503/1503.txt,1503,"King Richard III, by William Shakespeare"
410,2/1/4/1/21419/21419.txt,21419,"The Children: Some Educational Problems, by Alexander Darroch"
411,2/1/5/6/21567/21567-8.txt,21567,"Miniaturas Romanticas, by Sebastiao de Magalhaes Lima"
412,3/3/6/4/33645/33645.txt,33645,"The Man Who Couldn't Sleep, by Arthur Stringer"
413,6/9/2/6925/6925-0.txt,6925,"The History of Thomas Ellwood, by Thomas Ellwood"
414,2/6/3/0/26306/26306.txt,26306,"Simon, by J. Storer Clouston"
415,3/3/1/2/33129/33129.txt,33129,"Incidents of Travel in Yucatan, Vol. I., by John L. Stephens"
416,3/0/8/5/30850/30850.txt,30850,"Philippine Mats, by U.S. Andes, Alice Brezina,"
417,4/3/7/8/43788/43788-8.txt,43788,"Vrakets hemmelighet, by R. L. Stevenson and Lloyd Osbourne"
418,3/3/3/5/33354/33354-0.txt,33354,"Sick from Cholera, by Alexandros Papadiamantis"
419,5/1/3/6/51362/51362.txt,51362,"Lex, by W. T. HaggertÂ Â Â Â Â Â Â Â Â Â Â Â Â Â Â Â Â Â Â Â Â Â Â Â Â Â Â Â Â Â Â Â Â Â Â Â Â Â Â Â Â Â Â Â Â Â Â Â Â Â Â "
420,2/3/8/9/23891/23891-8.txt,23891,"En roman om forste konsuln, by Mathilda Malling"
421,4/2/4/4240/4240.txt,4240,"Women in Love, by D. H. Lawrence"
422,1/8/0/1804/1804.txt,1804,"War and the Future, by H. G. Wells"
423,1/8/9/8/18988/18988.txt,18988,"The First of April, by William Combe"
424,3/9/7/4/39741/39741.txt,39741,"In My Nursery, by Laura E. Richards"
425,2/7/1/4/27148/27148-0.txt,27148,"Jiao She Pa, by Ben Chan"
426,4/5/6/2/45621/45621.txt,45621,"South America To-day, by Georges Clemenceau"
427,6/4/9/6492/6492.txt,6492,"Biographies of Working Men, by Grant Allen"
428,8/2/8/8282/8282.txt,8282,The World English Bible (WEB): 2 Timothy          [web55xxx.xxx]
429,5/1/9/6/51964/51964-8.txt,51964,"A Georgian Pageant, by Frank Frankfort Moore"
430,2/6/8/1/26818/26818-8.txt,26818,"Lettres ?ites de Lausanne, by Madame de Charri?"
431,2/4/2/0/24209/24209-8.txt,24209,"Kittyn paivakirja, by Elizabeth Charles"
432,4/0/7/4/40741/40741.txt,40741,"Paul and His Dog, v.1 (Novels of Paul de Kock Volume XIII),"
433,2/4/5/8/24586/24586.txt,24586,"The Story of My Life, by Egerton Ryerson"
434,8/8/3/8834/8834.txt,8834,"Weymouth New Testament in Modern Speech, 1 Corinthians, R. F. Weymouth"
435,4/3/7/5/43750/43750.txt,43750,"Ancient Man in Britain, by Donald Alexander Mackenzie"
436,5/5/6/5560/5560.txt,5560,"Margery, Complete, by Georg Ebers"
437,3/5/3/4/35343/35343-8.txt,35343,"L'Illustration, No. 3251, 17 Juin 1905, by Various"
438,4/0/0/3/40036/40036.txt,40036,"Tramping with Tramps, by Josiah Flynt"
439,2/4/4/4/24448/24448-8.txt,24448,"Om en door den Peloponnesus, by B. de Jandin"
440,1/5/8/8/15885/15885-8.txt,15885,"Les pilotes de l'Iroise, by ?ouard Corbi?"
441,4/0/3/5/40353/40353.txt,40353,"The Datchet Diamonds, by Richard Marsh"
442,4/2/6/1/42611/42611.txt,42611,"In to the Yukon, by William Seymour Edwards"
443,4/0/5/6/40566/40566.txt,40566,"Moth and Rust, by Mary Cholmondeley"
444,4/7/8/4/47847/47847-0.txt,47847,"Studies in the Theory of Descent, Vol. 1 of 2, by August Weismann"
445,4/3/9/8/43988/43988.txt,43988,"Titian, by Samuel Levy Bensusan"
446,4/6/1/4619/4619.txt,4619,"Words of Cheer, by T.S. Arthur         [Arthur#14][wrdscxxx.xxx]"
447,3/9/4/7/39472/39472.txt,39472,"Zoological Illustrations, Volume II, by William Swainson"
448,5/0/8/0/50808/50808-0.txt,50808,"Eutropius, by Flavius Eutropius"
449,3/7/2/0/37206/37206.txt,37206,"Sea and Sardinia, by D. H. Lawrence"
450,3/8/8/9/38899/38899.txt,38899,"Punch, or the London Charivari, Vol. 150, June 21st, 1916, by Various"
451,1/9/9/1997/1997.txt,1997,"The Divine Comedy, Vol. 3, Paradise, by Dante Alighieri"
452,1/3/8/5/13857/13857.txt,13857,"La reine Margot - Tome II, by Alexandre Dumas, Pere"
453,1/3/0/8/13085/13085.txt,13085,"A Diversity of Creatures, by Rudyard Kipling"
454,4/3/3/4/43343/43343.txt,43343,"The Vegetable Lamb of Tartary, by Henry Lee"
455,5/1/0/5/51058/51058-0.txt,51058,"Technical Manual No. 9-879: Motorcycle, Solo, (Harley-Davidson"
456,7/0/700/700.txt,700,"The Old Curiosity Shop, by Charles Dickens"
457,2/3/4/3/23433/23433.txt,23433,"The Kitten's Garden of Verses, by Oliver Herford"
458,2/5/6/1/25610/25610.txt,25610,"A Child's Garden of Verses, by Robert Louis Stevenson"
459,2/3/1/1/23117/23117.txt,23117,"The Island Home, by Richard Archer"
460,4/0/1/1/40119/40119.txt,40119,"Curiosities of Light and Sight, by Shelford Bidwell"
461,7/8/6/7868/7868.txt,7868,"Child's Story Garden, Compiled by Elizabeth Heber"
462,4/2/9/4/42940/42940.txt,42940,"The Battleship Boys in Foreign Service, by Frank Gee Patchin"
463,1/4/9/7/14974/14974.txt,14974,"Punch, Vol. 152, April 4, 1917, Ed. by Sir Owen Seaman"
464,1/8/0/1/18011/18011.txt,18011,"The Portion of Labor, by Mary E. Wilkins Freeman"
465,1/8/1/1812/1812.txt,1812,"A Prince of Bohemia, by Honore de Balzac"
466,4/4/5/4450/4450.txt,4450,"The Adventures of Harry Richmond, Vol. 7, by George Meredith"
467,3/1/6/9/31698/31698.txt,31698,"History of Nineteenth Century Literature (1780-1895), George Saintsbury"
468,4/8/7/9/48790/48790-0.txt,48790,"The Catholic World, Vol. 15, Nos. 85-90,"
469,8/0/1/8012/8012.txt,8012,"The Bible, King James, 2 Kings        Book 12[#32][bib12xxx.xxx]"
470,1/2/6/6/12669/12669.txt,12669,"Marriage, by Susan Edmonstone Ferrier"
471,1/6/4/1/16417/16417.txt,16417,"Spadacrene Anglica, by Edmund Deane"
472,3/6/6/6/36662/36662.txt,36662,"The Palm Tree Blessing, by W. E. Shepard"
473,4/4/9/9/44992/44992.txt,44992,"Travelling Sketches, by Anthony Trollope"
474,1/4/4/1444/1444.txt,1444,"The Voice of the City, by O. Henry"
475,2/3/0/8/23087/23087.txt,23087,"Punch, Vol. 146, March 18, 1914, ed. by Sir Owen Seaman"
476,2/6/8/1/26810/26810-8.txt,26810,"L'amour et la raison, by Charles-Antoine-Guillaume Pigault de l'Epinoy"
477,4/5/1/6/45169/45169.txt,45169,"The Autobiography of a Thief, by Hutchins Hapgood"
478,3/0/2/1/30210/30210.txt,30210,"Comic Bible Sketches, by George W. Foote"
479,4/0/8/8/40882/40882.txt,40882,"Felix Holt, The Radical, by George Eliot"
480,3/9/2/7/39270/39270-0.txt,39270,"The Life and Opinions of Tristram Shandy, Gentleman, by Laurence Sterne"
481,1/6/5/5/16550/16550.txt,16550,"The Prose Works of William Wordsworth, by William Wordsworth"
482,5/9/4/5947/5947.txt,5947,"Billy Bunny and Uncle Bull Frog, by David Cory"
483,3/7/1/8/37182/37182.txt,37182,"Colorado--The Bright Romance of American History, by F. C. Grable"
484,3/0/6/3066/3066.txt,3066,"The Red Man's Continent: A Chronicle of Aboriginal America,"
485,1/4/6/1/14616/14616.txt,14616,"Thoughts, Moods and Ideals: Crimes of Leisure, by W.D. Lighthall"
486,6/9/5/6956/6956.txt,6956,"In Divers Tones, by Charles G. D. Roberts         [divrwxxx.xxx]"
487,4/7/2/9/47296/47296.txt,47296,"The Popular Science Monthly, October, 1900, by Various"
488,1/1/2/1/11219/11219.txt,11219,"The Mirror of Literature, Amusement, and Instruction, Vol. 14, No. 384"
489,3/9/7/5/39752/39752.txt,39752,"Fairy Legends and Traditions of The South of Ireland,"
490,1/7/9/1/17913/17913.txt,17913,"Clemence, by Retta Babcock"
491,4/5/7/8/45780/45780.txt,45780,"Beaumont & Fletcher's Works (1 through 5), by Francis Beaumont"
492,4/5/7/4/45743/45743.txt,45743,"Joan of Arc, by Laura E. Richards"
493,3/2/3/5/32359/32359.txt,32359,"Sinister Paradise, by Robert Moore Williams"
494,3/9/7/3/39739/39739-0.txt,39739,"Oeuvres de P. Corneille, Tome IV, by Pierre Corneille"
495,2/7/8/6/27864/27864.txt,27864,"Ainslee's, Vol. 15, No. 5, June 1905, by Various"
496,3/6/9/9/36991/36991.txt,36991,"The ghosts of their ancestors, by Weymer Jay Mills"
497,3/6/8/4/36845/36845-0.txt,36845,"Christmas Short Stories, by Alexandros Papadiamantis"
498,3/0/4/2/30421/30421.txt,30421,"The Age of Pope, by John Dennis"
499,3/4/6/9/34698/34698.txt,34698,"Essays Upon Some Controverted Questions, by Thomas H. Huxley"
500,1/7/9/3/17932/17932.txt,17932,"The Second Class Passenger, by Perceval Gibbon"
501,1/0/5/9/10597/10597.txt,10597,"Four Early Pamphlets, by William Godwin"
502,1/3/0/2/13021/13021.txt,13021,"Messages and Papers of Rutherford B. Hayes, Ed. by James D. Richardson"
503,4/8/3/1/48315/48315-0.txt,48315,"David Blaize, by Edward Frederic Benson"
504,2/1/1/2/21127/21127.txt,21127,"The Mystics, by Katherine Cecil Thurston"
505,4/1/7/1/41718/41718.txt,41718,"Dave Dawson on the Russian Front, by R. Sidney Bowen"
506,1/1/2/6/11269/11269.txt,11269,"Virgie's Inheritance, by Mrs. Georgie Sheldon"
507,8/0/7/8076/8076.txt,8076,"The History of David Grieve, by Mrs. Humphry Ward"
508,2/2/6/7/22672/22672.txt,22672,"Punch, Vol. 150, January 12, 1916, ed. by Sir Owen Seaman"
509,4/1/5/1/41517/41517-8.txt,41517,"Die Schlacht bei Sempach, by Robert Walser"
510,3/2/5/2/32521/32521.txt,32521,"Keep-Well Stories for Little Folks, by May Farinholt-Jones"
511,4/3/2/3/43234/43234.txt,43234,"Bright Ideas, by Herbert Strang"
512,2/2/3/7/22377/22377.txt,22377,"Rollo in Switzerland, by Jacob Abbott"
513,4/7/2/0/47200/47200.txt,47200,"Oracles from the Poets, by Caroline Gilman"
514,2/5/4/8/25485/25485.txt,25485,"Dikes and Ditches, by Oliver Optic"
515,7/9/4/7948/7948.txt,7948,"Abbotsford and Newstead Abbey, by Washington Irving"
516,3/0/7/1/30715/30715.txt,30715,"Where There's Hope, by Jerome Bixby"
517,4/6/2/1/46219/46219.txt,46219,"An Unsinkable Titanic, by John Bernard Walker"
518,3/6/5/2/36522/36522.txt,36522,"The Trail of the Axe, by Ridgwell Cullum"
519,meta/39315/pg39315.rdf,39315,"Punch, or the London Charivari, Vol. 93, Nov. 11, 1887, by Various"
520,meta/863/pg863.rdf,863,"The Mysterious Affair at Styles, by Agatha Christie"
521,meta/31432/pg31432.rdf,31432,"Histoire litt?ire d'Italie (1/9), by Pierre-Louis Ginguen?"
522,meta/2621/pg2621.rdf,2621,"The Home Book of Verse, Vol. 3, by Burton Egbert Stevenson"
523,meta/28927/pg28927.rdf,28927,"La bodega, by Vicente Blasco Ib?z"
524,meta/43004/pg43004.rdf,43004,"La pÃªcheuse d'Ã¢mes, by Ritter von Leopold Sacher-Masoch"
525,meta/50711/pg50711.rdf,50711,"Salliman oikkuja, by Santeri Alkio"
526,meta/31770/pg31770.rdf,31770,"The Struggle for Missouri, by John McElroy"
527,meta/38901/pg38901.rdf,38901,"Twelfth Night, by William Shakspeare and J. P. Kemble"
528,meta/4228/pg4228.rdf,4228,"Giordano Bruno, by Walter Pater"
529,meta/48195/pg48195.rdf,48195,"A Report upon the Mollusk Fisheries of Massachusetts,"
530,meta/4056/pg4056.rdf,4056,"Two Festivals, Eliza Lee Cabot Follen"
531,meta/27699/pg27699.rdf,27699,"McClure's Magazine, Vol 31, No 2, June 1908, by Various"
532,meta/27778/pg27778.rdf,27778,"Outlines of Dairy Bacteriology, 8th edition, by H. L. Russell"
533,meta/34054/pg34054.rdf,34054,"Sipolan Aapon kosioretki, by Jussi"
534,meta/16386/pg16386.rdf,16386,"Juan Tamad, by Anonymous"
535,meta/24731/pg24731.rdf,24731,"The Tale of Grunty Pig, by Arthur Scott Bailey"
536,meta/32423/pg32423.rdf,32423,"Encyclopaedia Britannica, 11th Edition, Volume 7, Slice 6, by Various"
537,meta/52032/pg52032.rdf,52032,"A Dissertation on the Books of Origen against Celsus,"
538,meta/35678/pg35678.rdf,35678,"France, by Gordon Cochrane Home"
539,meta/48700/pg48700.rdf,48700,"On Cambrian and Cumbrian Hills, by Henry Stephens Salt"
540,meta/44660/pg44660.rdf,44660,"Punch, or the London Charivari, Vol. 109, July 13, 1895, by Various"
541,meta/29025/pg29025.rdf,29025,Roman Catholicism in Spain by Anonymous
542,meta/32445/pg32445.rdf,32445,"The Pain and Sorrow of Evil Marriage, by Wynkyn de Worde"
543,meta/30281/pg30281.rdf,30281,"Die R?erbande, by Leonhard Frank"
544,meta/47983/pg47983.rdf,47983,"Lumikenttien tytÃ_r, by Jack London"
545,meta/12885/pg12885.rdf,12885,"Bundling; Its Origin, Progress and Decline in America, Henry Reed Stiles"
546,meta/39769/pg39769.rdf,39769,"Ghosts I Have Seen, by Violet Tweedale"
547,meta/7355/pg7355.rdf,7355,"Texas, by William H. Wharton"
548,meta/15348/pg15348.rdf,15348,"Blown to Bits, by Robert Michael Ballantyne"
549,meta/36799/pg36799.rdf,36799,"History Of The Last Trial By Jury For Atheism In England,"
550,meta/34682/pg34682.rdf,34682,"The Secret Pact, by Mildred A. Wirt"
551,meta/5451/pg5451.rdf,5451,"An Egyptian Princess, Vol. 2, by Georg Ebers"
552,meta/23011/pg23011.rdf,23011,"Eatin' Crow; and The Best Man In Garotte, by Frank Harris"
553,meta/14498/pg14498.rdf,14498,"A Handbook to the Works of Browning (6th ed.), by Mrs. Sutherland Orr"
554,meta/25974/pg25974.rdf,25974,"God's Plan with Men, by T. T. (Thomas Theodore) Martin"
555,meta/16714/pg16714.rdf,16714,"Under Sealed Orders, by H.A. Cody"
556,meta/37574/pg37574.rdf,37574,"Great Inventions and Discoveries, by Willis Duff Piercy"
557,meta/24359/pg24359.rdf,24359,"The Return of Peter Grimm, by David Belasco"
558,meta/1195/pg1195.rdf,1195,"Glasses, by Henry James"
559,meta/1625/pg1625.rdf,1625,"The Frozen Deep, by Wilkie Collins"
560,meta/32149/pg32149.rdf,32149,"Unbegotten Child, by Winston Marks"
561,meta/12862/pg12862.rdf,12862,"Aldo le rimeur, by George Sand"
562,meta/11029/pg11029.rdf,11029,"American Hero-Myths, by Daniel G. Brinton"
563,meta/22059/pg22059.rdf,22059,"Balthasar, by Anatole France"
564,meta/4974/pg4974.rdf,4974,"Australia Twice Traversed, The Romance of Exploration, by Ernest Giles"
565,meta/5071/pg5071.rdf,5071,"The Philanderer, by George Bernard Shaw"
566,meta/16756/pg16756.rdf,16756,"The Bobbsey Twins at the County Fair, by Laura Lee Hope"
567,meta/20870/pg20870.rdf,20870,"The Motor Girls Through New England, by Margaret Penrose"
568,meta/5509/pg5509.rdf,5509,"Arachne, Vol. 2, by Georg Ebers"
569,meta/48793/pg48793.rdf,48793,"Bacteria, by George NewmanÂ Â Â Â Â Â Â Â Â Â Â Â Â Â Â Â Â Â Â Â Â Â Â Â Â Â Â Â Â Â Â Â Â Â Â Â Â Â Â Â Â Â Â Â Â Â "
570,meta/51258/pg51258.rdf,51258,"A Bad Day for Vermin, by Keith LaumerÂ Â Â Â Â Â Â Â Â Â Â Â Â Â Â Â Â Â Â Â Â Â Â Â Â Â Â Â Â Â Â Â Â Â Â "
571,meta/17542/pg17542.rdf,17542,"Ph?ssa, by Remy de Gourmont"
572,meta/10586/pg10586.rdf,10586,"Mike and Psmith, by P. G. Wodehouse"
573,meta/12101/pg12101.rdf,12101,"A Social History of the American Negro, by Benjamin Brawley"
574,meta/30315/pg30315.rdf,30315,"Raeburn, by James L. Caw"
575,meta/28427/pg28427.rdf,28427,"M?ires du prince de Talleyrand, Volume II (of V),"
576,meta/31985/pg31985.rdf,31985,"Perfect Control, by Richard Stockham"
577,meta/11243/pg11243.rdf,11243,"Miles Wallingford: Sequel to Afloat and Ashore, by James Fenimore Cooper"
578,meta/15196/pg15196.rdf,15196,"Punch, Vol. 103, September 10, 1892, ed. by Sir Francis Burnand"
579,meta/32508/pg32508.rdf,32508,"The Blind Lion of the Congo, by Elliott Whitney"
580,meta/32031/pg32031.rdf,32031,"A Raw Recruit's War Experiences, by Ansel D. Nickerson"
581,meta/27381/pg27381.rdf,27381,"Histoire du Consulat et de l'Empire, (Vol. 2 / 20), by Adolphe Thiers"
582,meta/20449/pg20449.rdf,20449,"The Plum Tree, by David Graham Phillips"
583,meta/6419/pg6419.rdf,6419,"U.S. Copyright Renewals, 1959, by U.S. Copyright Office"
584,meta/12203/pg12203.rdf,12203,"Odd Craft, Part 3: Blundell's Improvement, by W.W. Jacobs"
585,meta/47016/pg47016.rdf,47016,"Ainslee's magazine, Vol. 16, No. 2, September, 1905, by Various"
586,meta/8521/pg8521.rdf,8521,"Maintaining Health, by R. L. Alsaker"
587,meta/44581/pg44581.rdf,44581,"The Stoneground Ghost Tales, by E. G. Swain"
588,meta/27016/pg27016.rdf,27016,"Eight dwelling places of Buddhist immortals, by Five colors stone"
589,meta/11676/pg11676.rdf,11676,"The Balkan Wars: 1912-1913, by Jacob Gould Schurman"
590,meta/13958/pg13958.rdf,13958,"Authoritative Life of General William Booth, by George Scott Railton"
591,meta/15541/pg15541.rdf,15541,"What Two Children Did, by Charlotte E. Chittenden"
592,meta/39851/pg39851.rdf,39851,"Victorian Literature, by Clement K. Shorter"
593,meta/13833/pg13833.rdf,13833,"Blackfeet Indian Stories, by George Bird Grinnell"
594,meta/19338/pg19338.rdf,19338,"The Keeper, by Henry Beam Piper"
595,meta/2926/pg2926.rdf,2926,"A Critical Examination Of The Position Of Mr. Darwin's Work, ""On"
596,meta/32863/pg32863.rdf,32863,"Cottage Economy, by William Cobbett"
597,meta/1463/pg1463.rdf,1463,"The Private Papers of Henry Ryecroft, by George Gissing"
598,meta/45350/pg45350.rdf,45350,"Anno Domini 2071, by Pieter Harting"
599,meta/49274/pg49274.rdf,49274,"A Guide to the Exhibition of English Medals, by Herbert A. Grueber"
600,meta/27982/pg27982.rdf,27982,"The Ocean Waifs, by Mayne Reid"
601,meta/16933/pg16933.rdf,16933,"Joan of Arc, by Ronald Sutherland Gower"
602,meta/14839/pg14839.rdf,14839,"Filipinas Dentro De Cien Anos (Estudio Politico-Social), by Jose Rizal"
603,meta/13812/pg13812.rdf,13812,"Sir Mortimer, by Mary Johnston"
604,meta/41021/pg41021.rdf,41021,"Clara Vaughan, Volume II (of III), by R. D. Blackmore"
605,meta/1911/pg1911.rdf,1911,"Concerning Christian Liberty, by Martin Luther"
606,meta/44027/pg44027.rdf,44027,"The Expositor's Bible: The Psalms, Volume III, by Alexander Maclaren"
607,meta/261/pg261.rdf,261,"A Dome of Many-Coloured Glass, by Amy Lowell"
608,meta/44369/pg44369.rdf,44369,"Pals, by Joseph Bowes"
609,meta/11730/pg11730.rdf,11730,"With the Allies, by Richard Harding Davis"
610,meta/49391/pg49391.rdf,49391,"True Stories of The Great War, Vol. 4 of 6, by Various"
611,meta/4081/pg4081.rdf,4081,"The Alchemist, by Ben Jonson"
612,meta/46127/pg46127.rdf,46127,"The Motor Boys Over the Ocean, by Clarence Young"
613,meta/38305/pg38305.rdf,38305,"Endurance Test, by Alan Douglas"
614,meta/545/pg545.rdf,545,"At the Earth's Core, by Edgar Rice Burroughs"
615,meta/37069/pg37069.rdf,37069,"Das Tabu und die Ambivalenz der Gef?regungen, by Sigmund Freud"
616,meta/47513/pg47513.rdf,47513,"The Flea, by Harold Russell"
617,meta/11157/pg11157.rdf,11157,"The Atlantic Monthly, Vol. 8, No. 46, August, 1861, by Various"
618,meta/1524/pg1524.rdf,1524,"Hamlet, by William Shakespeare"
619,meta/26455/pg26455.rdf,26455,"A History of Lumsden's Battery, C.S.A., by George Little"
620,meta/687/pg687.rdf,687,"A Personal Record, by Joseph Conrad"
621,meta/41847/pg41847.rdf,41847,"Baseball Joe in the Central League, by Lester Chadwick"
622,meta/25405/pg25405.rdf,25405,"Honey-Bee, by Anatole France"
623,meta/16403/pg16403.rdf,16403,"Led Astray and The Sphinx, by Octave Feuillet"
624,meta/8005/pg8005.rdf,8005,"The Bible, King James, Numbers        Book  5[#25][bib05xxx.xxx]"
625,meta/2059/pg2059.rdf,2059,"The Little Shepherd of Kingdom Come, by John Fox"
626,meta/3363/pg3363.rdf,3363,"Fennel and Rue, by William Dean Howells"
627,meta/27524/pg27524.rdf,27524,"Hampton Court, by Walter Jerrold"
628,meta/103/pg103.rdf,103,"Around the World in 80 Days, by Jules Verne"
629,meta/13370/pg13370.rdf,13370,"Q. E. D., or New Light on the Doctrine of Creation, by Price"
630,meta/48651/pg48651.rdf,48651,"Viaje a America, Tomo 1 de 2, by Rafael Puig y VallsÂ Â Â Â Â Â Â Â Â Â Â Â Â Â Â Â Â Â Â Â "
631,meta/34919/pg34919.rdf,34919,"Vision House, by C. N.  Williamson and A. M.  Williamson"
632,meta/17942/pg17942.rdf,17942,"Fables de La Fontaine, Tome Second, by Jean de La Fontaine"
633,meta/13344/pg13344.rdf,13344,"The Moral Picture Book, by Anonymous"
634,meta/24548/pg24548.rdf,24548,"""Shiloh"" as Seen by a Private Soldier, by Warren Olney"
635,meta/48755/pg48755.rdf,48755,"ElÃ_mÃ_stÃ_, by KÃ¶ssi Kaatra"
636,meta/48860/pg48860.rdf,48860,"The Brown Owl, by Ford H. Madox Hueffer"
637,meta/1449/pg1449.rdf,1449,"The Valley of the Moon, by Jack London"
638,meta/26435/pg26435.rdf,26435,"L'amant rendu cordelier a l'observance d'amour, by Martial d'Auvergne"
639,meta/48389/pg48389.rdf,48389,"Six Girls and the Tea Room, by Marion Ames Taggart"
640,meta/28784/pg28784.rdf,28784,"Letters to his mother, Ann Borrow, and Other Correspondents"
641,meta/39590/pg39590.rdf,39590,"Some Account of Llangollen and its Vicinity, by W. T. Simpson"
642,meta/29658/pg29658.rdf,29658,"Italy, the Magic Land, by Lilian Whiting"
643,meta/31302/pg31302.rdf,31302,"The Negro: what is His Ethnological Status? 2nd Ed.,"
644,meta/7835/pg7835.rdf,7835,"Lothair, by Benjamin Disraeli"
645,meta/12137/pg12137.rdf,12137,"La Legende des Siecles, by Victor Hugo"
646,meta/28576/pg28576.rdf,28576,"Cutting It out, by Samuel G. Blythe"
647,meta/21695/pg21695.rdf,21695,"Life in the Red Brigade, by R.M. Ballantyne"
648,meta/46329/pg46329.rdf,46329,"The Swamp Doctor's Adventures in The South-West, by John Robb"
649,meta/36532/pg36532.rdf,36532,"The Orange Fairy Book, by Various"
650,meta/44004/pg44004.rdf,44004,"Warren Commission Hearings (4 of 26), Vol. 4 of 15, by The"
651,meta/13126/pg13126.rdf,13126,"The King's Daughter and Other Stories for Girls, by Various"
652,meta/46689/pg46689.rdf,46689,"Burgundy: The Splendid Duchy, by Percy Allen"
653,meta/34267/pg34267.rdf,34267,"The Morality of Woman and Other Essays, by Ellen Key"
654,meta/16594/pg16594.rdf,16594,"A Short History of English Agriculture, by W. H. R. Curtler"
655,meta/20885/pg20885.rdf,20885,"The Promised Land, by Mary Antin"
656,meta/21716/pg21716.rdf,21716,"The Battery and the Boiler, by R.M. Ballantyne"
657,meta/3677/pg3677.rdf,3677,"On Our Selection, by Steele Rudd"
658,meta/49830/pg49830.rdf,49830,"Treasures in Heaven, by Various"
659,meta/27511/pg27511.rdf,27511,"The Free Range, by Elwell Lawrence"
660,meta/50046/pg50046.rdf,50046,"The Writings of Thomas Jefferson, Volume 2 of 9, by Thomas Jefferson"
661,meta/3062/pg3062.rdf,3062,"RÃ¶mische Geschichte, Band 3, by Theodor Mommsen"
662,meta/6262/pg6262.rdf,6262,"The Weavers,             by G. Parker, v2  [GP#89][gp89wxxx.xxx]"
663,meta/25922/pg25922.rdf,25922,"Masters of the Wheat-Lands, by Harold Bindloss"
664,meta/18154/pg18154.rdf,18154,"Calumet ""K"", by Samuel Merwin and Henry Kitchell Webster"
665,meta/47858/pg47858.rdf,47858,"The Islets of the Channel, by Walter Cooper Dendy"
666,meta/16766/pg16766.rdf,16766,"All on the Irish Shore, by E. Somerville and Martin Ross"
667,meta/12388/pg12388.rdf,12388,"The Courage of Captain Plum, by James Oliver Curwood"
668,meta/49342/pg49342.rdf,49342,"The Stickit Minister's Wooing, by S. R. Crockett"
669,meta/23646/pg23646.rdf,23646,"The Pharaoh and the Priest, by Boleslaw Prus"
670,meta/26405/pg26405.rdf,26405,"Penguin Persons & Peppermints, by Walter Prichard Eaton"
671,meta/12312/pg12312.rdf,12312,"A King, and No King, by Francis Beaumont and John Fletcher"
672,meta/31812/pg31812.rdf,31812,"Adlercreutzin sanansaattaja, by Jon Olof ?erg"
673,meta/28248/pg28248.rdf,28248,"The Testimony of the Rocks, by Hugh Miller"
674,meta/28472/pg28472.rdf,28472,"Patrician and Plebeian, by Thomas J. Wertenbaker"
675,meta/478/pg478.rdf,478,"The Cost, by David Graham Phillips"
676,meta/10848/pg10848.rdf,10848,"Natalie, by Ferna Vale"
677,meta/30708/pg30708.rdf,30708,"History of the Rise of the Huguenots, by Henry Baird"
678,meta/6809/pg6809.rdf,6809,"The Doctor's Daughter, by ""Vera"""
679,meta/10850/pg10850.rdf,10850,"Philaster, by Francis Beaumont and John Fletcher"
680,meta/35127/pg35127.rdf,35127,"Frank Merriwell's Return to Yale, by Burt L. Standish"
681,meta/30213/pg30213.rdf,30213,"Algo de todo, by Juan Valera"
682,meta/32381/pg32381.rdf,32381,"Christo n?volta, by Alberto Pimentel"
683,meta/33533/pg33533.rdf,33533,"The Convict's Farewell, by James Parkerson"
684,meta/8112/pg8112.rdf,8112,"Houses of Aborigines, by Lewis H. Morgan          [haborxxx.xxx]"
685,meta/22602/pg22602.rdf,22602,"Punch, Vol. 150, January 5, 1916, ed. by Sir Owen Seaman"
686,meta/19676/pg19676.rdf,19676,"Shakespeare and Music, by Edward W. Naylor"
687,meta/32545/pg32545.rdf,32545,"The Haunters of the Silences, by Charles G. D. Roberts"
688,meta/40902/pg40902.rdf,40902,Histoire amoureuse des Gaules suivie des Romans historico-
689,meta/35424/pg35424.rdf,35424,"The Amethyst Box, by Anna Katherine Green"
690,meta/51339/pg51339.rdf,51339,"HuutolaistyttÃ¶, by Heikki MerilÃ_inen"
691,meta/48369/pg48369.rdf,48369,"Veripunainen ruusu, by Marja Salmela"
692,meta/23349/pg23349.rdf,23349,"The Religious Experience of the Roman People, by W. Warde Fowler"
693,meta/35610/pg35610.rdf,35610,"McClure's Magazine, Vol. 1, No. 3, August, 1893, by Various"
694,meta/47778/pg47778.rdf,47778,"Battle of the Crater and Experiences of Prison Life,"
695,meta/3286/pg3286.rdf,3286,"Selections from the Speeches and Writings of Edmund Burke,"
696,meta/51690/pg51690.rdf,51690,"Elektitaj fabloj de J. de La Fontaine, by Jean de La Fontaine"
697,meta/28887/pg28887.rdf,28887,"The Boy Broker, by Frank A. Munsey"
698,meta/50689/pg50689.rdf,50689,"One in a Thousand, by George Payne Rainsford James"
699,meta/34377/pg34377.rdf,34377,The Preaching Tours and Missionary Labours of George M?r
700,meta/36006/pg36006.rdf,36006,"Diphtheria, by Public Health Service"
701,meta/14476/pg14476.rdf,14476,"Life of Robert Browning, by William Sharp"
702,meta/24638/pg24638.rdf,24638,"Kahdeksantoista runoniekkaa, by Various"
703,meta/23013/pg23013.rdf,23013,"""George Washington's"" Last Duel, by Thomas Nelson Page"
704,meta/26600/pg26600.rdf,26600,"Mother Earth, Vol. 1 No. 1, March 1906, ed. by Emma Goldman"
705,meta/13710/pg13710.rdf,13710,"Punch, Vol. 101, Sep. 12, 1891, ed. by Sir Francis Burnand"
706,meta/37474/pg37474.rdf,37474,"Yst?ni kertomus, by Mathilda Roos"
707,meta/10688/pg10688.rdf,10688,"The Campfire Girls at Camp Keewaydin, by Hildegard G. Frey"
708,meta/1038/pg1038.rdf,1038,"Style, by Walter Raleigh"
709,meta/2592/pg2592.rdf,2592,"The Small Catechism of Martin Luther, by Martin Luther"
710,meta/16864/pg16864.rdf,16864,"Service in the Hudson's Bay Territory, Vol. 2 (of 2), by John M'lean"
711,meta/5487/pg5487.rdf,5487,"The Emperor, Vol. 5, by Georg Ebers"
712,meta/2874/pg2874.rdf,2874,"Personal Recollections of Joan of Arc, Vol. 1, by Mark Twain"
713,meta/26815/pg26815.rdf,26815,"Le Roman d'un jeune homme pauvre (Novel), by Octave Feuillet"
714,meta/41619/pg41619.rdf,41619,"The Haunting of Low Fennel, by Sax Rohmer"
715,meta/11739/pg11739.rdf,11739,"Individualisme en socialisme, by Oscar Wilde"
716,meta/31974/pg31974.rdf,31974,"Last Days of the Rebellion, by Alanson M. Randol"
717,meta/1872/pg1872.rdf,1872,"The Red House Mystery, by A. A. Milne"
718,meta/6790/pg6790.rdf,6790,"Demetrius, by Frederich Schiller"
719,meta/23310/pg23310.rdf,23310,"Bird Stories and Dog Stories, by Anonymous"
720,meta/7388/pg7388.rdf,7388,"The Poetical Works of Oliver Wendell Holmes, Vol. 1, by Holmes, Sr."
721,meta/22507/pg22507.rdf,22507,"Romanzo d'una signorina per bene, by Anna Vertua Gentile"
722,meta/41842/pg41842.rdf,41842,"El aceite de olivas, by Alejandro Bizzarri"
723,meta/14803/pg14803.rdf,14803,"Journal des Goncourt (Deuxieme Volume), by Goncourt"
724,meta/35139/pg35139.rdf,35139,Manual for Noncommissioned Officers and Privates of
725,meta/18004/pg18004.rdf,18004,"Told in a French Garden, by Mildred Aldrich"
726,meta/10880/pg10880.rdf,10880,"Teddy's Button, by Amy Le Feuvre"
727,meta/20776/pg20776.rdf,20776,"Encyclopedia of Needlework, by Therese de Dillmont"
728,meta/6604/pg6604.rdf,6604,"Two Months in the Camp of Big Bear, by Theresa Gowanlock"
729,meta/32935/pg32935.rdf,32935,"What a Man Wills, by Mrs. George de Horne Vaizey"
730,meta/24603/pg24603.rdf,24603,"The House of Toys, by Henry Russell Miller"
731,meta/6041/pg6041.rdf,6041,"Stories by English Authors: The Sea, by Various   [seasexxx.xxx]"
732,meta/23263/pg23263.rdf,23263,"The Fugitives, by R.M. Ballantyne"
733,meta/29756/pg29756.rdf,29756,"The Cat of Bubastes, by G. A. Henty"
734,meta/50038/pg50038.rdf,50038,"The story of Hungary, by ÃÅrmin VÃ¡mbÃ©ry"
735,meta/41973/pg41973.rdf,41973,"Yachting Vol. 2, by R. T. Pritchett, Marquis Durrerin,"
736,meta/49694/pg49694.rdf,49694,"The Duke in the Suburbs, by Edgar Wallace"
737,meta/24673/pg24673.rdf,24673,"A Phenomenal Fauna, by Carolyn Wells"
738,meta/17115/pg17115.rdf,17115,"Fruits of Toil in the London Missionary Society, by Various"
739,meta/27101/pg27101.rdf,27101,"Life of Rear Admiral John Randolph Tucker, by James Henry Rochelle"
740,meta/36311/pg36311.rdf,36311,"The Problem of 'Edwin Drood', by W. Robertson Nicoll"
741,meta/11549/pg11549.rdf,11549,"The Life and Letters of Elizabeth Prentiss, by George L. Prentiss"
742,meta/1191/pg1191.rdf,1191,"The Double-Dealer, by William Congreve"
743,meta/47034/pg47034.rdf,47034,"Liukas-kielinen, by Friedrich von Schiller"
744,meta/22881/pg22881.rdf,22881,"My Friend Bobby, by Alan Edward Nourse"
745,meta/18911/pg18911.rdf,18911,"Biology, by Edmund Beecher Wilson"
746,meta/35192/pg35192.rdf,35192,"Kant und Goethe, by Georg Simmel"
747,meta/46605/pg46605.rdf,46605,"Thomas Otway, by Thomas Otway"
748,meta/24061/pg24061.rdf,24061,"Jimmy Crow, by Edith Francis Foster"
749,meta/49646/pg49646.rdf,49646,"Lauluja Anakreonilta, by Anacreon"
750,meta/38146/pg38146.rdf,38146,"Mr. Punch on the Warpath, by Various"
751,meta/43150/pg43150.rdf,43150,"The Constant Prince, by Christobel Coleridge"
752,meta/35586/pg35586.rdf,35586,"Reminiscences of a Canadian Pioneer for the last Fifty Years,"
753,meta/24023/pg24023.rdf,24023,"History of the United States, Volume 6 (of 6), by E. Benjamin Andrews"
754,meta/6627/pg6627.rdf,6627,"Barriers Burned Away, by E. P. Roe"
755,meta/12896/pg12896.rdf,12896,"Essays AEsthetical, by George Calvert"
756,meta/40391/pg40391.rdf,40391,"Der Dichter in Dollarica, by Ernst von Wolzogen"
757,meta/46346/pg46346.rdf,46346,"The History of Miss Betsy Thoughtless, by Eliza Haywood"
758,meta/27161/pg27161.rdf,27161,"'Our guy', by Mrs. E. E. Boyd"
759,meta/52019/pg52019.rdf,52019,"Ellen Levis, by Elsie SingmasterÂ Â Â Â Â Â Â Â Â Â Â Â Â Â Â Â Â Â Â Â Â Â Â Â Â Â Â Â Â Â Â Â Â Â Â Â Â Â Â Â "
760,meta/14985/pg14985.rdf,14985,"Valere Aude, by Louis Dechmann"
761,meta/51610/pg51610.rdf,51610,"Solid Solution, by James Stamers"
762,meta/43792/pg43792.rdf,43792,"The History of Modern Painting, Volume 1 (of 4), by Richard Muther"
763,meta/18773/pg18773.rdf,18773,"La San-Felice, Tome V, by Alexandre Dumas"
764,meta/7587/pg7587.rdf,7587,"The Caxtons,     by E. B. Lytton, Part 2   [BL#16][b016wxxx.xxx]"
765,meta/30901/pg30901.rdf,30901,"Fee of the Frontier, by Horace Brown Fyfe"
766,meta/21784/pg21784.rdf,21784,"The Goblins' Christmas, by Elizabeth Anderson"
767,meta/1335/pg1335.rdf,1335,"The Ancien Regime, by Charles Kingsley"
768,meta/3273/pg3273.rdf,3273,"The Complete Works of Artemus Ward, Part 3"
769,meta/6873/pg6873.rdf,6873,"Mark Twain, by Archibald Henderson"
770,meta/29455/pg29455.rdf,29455,"Invasion, by William Fitzgerald Jenkins"
771,meta/15442/pg15442.rdf,15442,"Punch, Vol. 101, October 31, 1891, ed. by Sir Francis Burnand"
772,meta/5305/pg5305.rdf,5305,"Travels in the Interior of Africa, Vol. 2 of 2, by Mungo Park"
773,meta/21758/pg21758.rdf,21758,"Hudson Bay, by R.M. Ballantyne"
774,meta/9848/pg9848.rdf,9848,"A Select Collection of Old English Plays, Vol. VI, by Robert Dodsley"
775,meta/21872/pg21872.rdf,21872,"The Life of David, by Alexander Maclaren"
776,meta/4698/pg4698.rdf,4698,"Whitefoot the Wood Mouse, by Thornton W. Burgess"
777,meta/12018/pg12018.rdf,12018,"Notes & Queries, No. 17, 1850.02.23, by Various"
778,meta/22652/pg22652.rdf,22652,"A Campfire Girl's Test of Friendship, by Jane L. Stewart"
779,meta/25267/pg25267.rdf,25267,"Astronomy for Amateurs, by Camille Flammarion"
780,meta/50481/pg50481.rdf,50481,"Koditon, by Hector Malot"
781,meta/36433/pg36433.rdf,36433,"Chronicles of the Schonberg-Cotta Family, by Elizabeth Rundle Charles"
782,meta/38975/pg38975.rdf,38975,"Karl Marx en zijne voorgangers, by Jos. Loopuit"
783,meta/35883/pg35883.rdf,35883,"War Inconsistent with the Religion of Jesus Christ, by David Low Dodge"
784,meta/6471/pg6471.rdf,6471,"Children of the New Forest, by Capt. Marryat"
785,meta/26495/pg26495.rdf,26495,"A System of Logic, Ratiocinative and Inductive, by John Stuart Mill"
786,meta/27256/pg27256.rdf,27256,"A Pioneer Railway of the West, by Maude Ward Lafferty"
787,meta/15279/pg15279.rdf,15279,"A Letter Addressed to the Abbe Raynal, by Thomas Paine"
788,meta/13168/pg13168.rdf,13168,"Dick in the Everglades, by A. W. Dimock"
789,meta/15465/pg15465.rdf,15465,"Parisian Points of View, by Ludovic Hal?"
790,meta/41070/pg41070.rdf,41070,"The Works of Hubert Howe Bancroft, Volume 1, by Hubert Howe Bancroft"
791,meta/44689/pg44689.rdf,44689,"Histoire de la Monarchie de Juillet, Volume 6 de 7,"
792,meta/33504/pg33504.rdf,33504,"Opticks, by Isaac Newton"
793,meta/45331/pg45331.rdf,45331,"The Library of Work and Play: Electricity and Its Everyday Uses,"
794,meta/39699/pg39699.rdf,39699,"Magyar n?allad?(Magyar remekir?5. k?), by S?or Endrodi"
795,meta/6168/pg6168.rdf,6168,"Fifty Famous People, by James Baldwin             [fftyfxxx.xxx]"
796,meta/41802/pg41802.rdf,41802,"Frank in the Mountains, by Harry Castlemon"
797,meta/38745/pg38745.rdf,38745,"The Little Gleaner, Vol. X., by Various"
798,meta/46243/pg46243.rdf,46243,"Divine Authority, by Orson Pratt"
799,meta/32821/pg32821.rdf,32821,"The Picturesque Antiquities of Spain, by Nathaniel Armstrong Wells"
800,meta/42426/pg42426.rdf,42426,"Gold Elsie, by E. Marlitt"
801,meta/46032/pg46032.rdf,46032,"Vitus Bering: the Discoverer of Bering Strait, by Peter Lauridsen"
802,meta/45713/pg45713.rdf,45713,"Aspazio, by Aleksander Swietochowski"
803,meta/24886/pg24886.rdf,24886,"Account of the Foxglove and some of its Medical Uses, William Withering"
804,meta/1881/pg1881.rdf,1881,"The Call of the Canyon, by Zane Grey"
805,meta/50196/pg50196.rdf,50196,"Rambles in Cuba, by AnonymousÂ Â Â Â Â Â Â Â Â Â Â Â Â Â Â Â Â Â Â Â Â Â Â Â Â Â Â Â Â Â Â Â Â Â Â Â Â Â Â Â Â Â Â "
806,meta/32929/pg32929.rdf,32929,"Thereby Hangs a Tale, by George Manville Fenn"
807,meta/2106/pg2106.rdf,2106,"History of Friedrich II of Prussia, Vol. 6 of 21, Double-Marriage"
808,meta/46548/pg46548.rdf,46548,"Children of the Dear Cotswolds, by L. Allen Harker"
809,meta/21299/pg21299.rdf,21299,"Blue Jackets, by George Manville Fenn"
810,meta/17193/pg17193.rdf,17193,S?y Ant? Nobre
811,meta/24026/pg24026.rdf,24026,"Joulun-aatto, by Charles Dickens"
812,meta/39407/pg39407.rdf,39407,"Kentucky in American Letters, v. 2 of 2, by John Wilson Townsend"
813,meta/486/pg486.rdf,486,"Ozma of Oz, by L. Frank Baum"
814,meta/4649/pg4649.rdf,4649,"Micromegas, by Voltaire, Romans v. 3 [Voltaire #5][mcrmgxxx.xxx]"
815,meta/10941/pg10941.rdf,10941,"Jumalainen naeytelmae: Helvetti, by Dante"
816,meta/2136/pg2136.rdf,2136,"The Tale of Balen, by Algernon Charles Swinburne"
817,meta/20514/pg20514.rdf,20514,"Ensitaistelujen ajoilta, by Otto Tiuppa"
818,meta/30179/pg30179.rdf,30179,"The Note-Book of an Attache, by Eric Fisher Wood"
819,meta/42412/pg42412.rdf,42412,"Blackwood's Edinburgh Magazine, No. 401, March 1849, by Various"
820,meta/22587/pg22587.rdf,22587,"Northern Nut Growers Association, 34th Annual Report, 1943"
821,meta/25269/pg25269.rdf,25269,"Elements of Plumbing, by Samuel Dibble"
822,meta/45243/pg45243.rdf,45243,"Popular British Ballads, Ancient and Modern, Vol. 3 of 4, by Various"
823,meta/35578/pg35578.rdf,35578,"The Empty Sleeve, by Henry H. Meacham"
824,meta/10462/pg10462.rdf,10462,"Clarissa, Volume 4 (of 9), by Samuel Richardson"
825,meta/1213/pg1213.rdf,1213,"The Man that Corrupted Hadleyburg, by Mark Twain"
826,meta/27930/pg27930.rdf,27930,"David Fleming's Forgiveness, by Margaret Murray Robertson"
827,meta/35478/pg35478.rdf,35478,"Neighbours, by Robert Stead"
828,meta/36137/pg36137.rdf,36137,"The Preface to the Aeneis of Virgil (1718), by Joseph  Trapp"
829,meta/32879/pg32879.rdf,32879,"Reflections upon Two Pamphlets Lately Published, by Anonymous"
830,meta/12485/pg12485.rdf,12485,"The Three Brides, by Charlotte M. Yonge"
831,meta/49426/pg49426.rdf,49426,"A Country Idyl and Other Stories, by Sarah Knowles Bolton"
832,meta/19703/pg19703.rdf,19703,"Madame Delphine, by George W. Cable"
833,meta/500/pg500.rdf,500,[Subtitle: A Record of High Endeavour and Strange Adventure from
834,meta/32438/pg32438.rdf,32438,"The Book of Courage, by John Thomson Faris"
835,meta/43729/pg43729.rdf,43729,"The Lost Pibroch, by Neil Munro"
836,meta/9299/pg9299.rdf,9299,"Italian Letters, Vols. I and II, by William Godwin"
837,meta/17558/pg17558.rdf,17558,"My Life as an Author, by Martin Farquhar Tupper"
838,meta/36161/pg36161.rdf,36161,"A Letter to Thomas F. Bayard, by Lysander Spooner"
839,meta/27120/pg27120.rdf,27120,"Litanaiit Liturgiillo, by Anonymous"
840,meta/33607/pg33607.rdf,33607,"The Mother of St. Nicholas, by Grant Balfour"
841,meta/19324/pg19324.rdf,19324,"The Wit and Humor of America, Volume VI (of X), by Various"
842,meta/41570/pg41570.rdf,41570,"The Asteroids, by Daniel Kirkwood"
843,meta/43408/pg43408.rdf,43408,"Les belles-de-nuit, tome I, by Paul FÃ©val"
844,meta/38491/pg38491.rdf,38491,"Notes and Queries, Vol. IV, Number 98, September 13, 1851, by Various"
845,meta/41943/pg41943.rdf,41943,"Madame de Longueville, by Victor Cousin"
846,meta/34674/pg34674.rdf,34674,"The Baron's Sons, by M??"
847,meta/8946/pg8946.rdf,8946,"Le Cote de Guermantes (Premiere partie), by Marcel Proust"
848,meta/12279/pg12279.rdf,12279,"The Maid-At-Arms, by Robert W. Chambers"
849,meta/1659/pg1659.rdf,1659,"The Girl with the Golden Eyes, by Honore de Balzac"
850,meta/30105/pg30105.rdf,30105,"The Strand Magazine, Volume V, Issue 26, February 1893, by Various"
851,meta/17302/pg17302.rdf,17302,"Tranasactions of the ASCE, Paper No. 1156, by B.F. Cresson, Jr"
852,meta/5944/pg5944.rdf,5944,"The History of Don Quixote, v.II, Pt 41, by Miguel de Cervantes Saavedra"
853,meta/28528/pg28528.rdf,28528,"A California Girl, by Edward Eldridge"
854,meta/34478/pg34478.rdf,34478,"The Modern Ku Klux Klan, by Henry Peck Fry"
855,meta/44997/pg44997.rdf,44997,"That Last Waif, by Horace Fletcher"
856,meta/50933/pg50933.rdf,50933,"Finding the Worth While in the Southwest, by Charles Francis Saunders"
857,meta/35426/pg35426.rdf,35426,"Polaris of the Snows, by Charles B. Stilson"
858,meta/15168/pg15168.rdf,15168,"Bowser The Hound, by Thornton W. Burgess"
859,meta/29573/pg29573.rdf,29573,"The O'Ruddy, by Stephen Crane and Robert Barr"
860,meta/37905/pg37905.rdf,37905,"The Anglo-French Entente in the Seventeenth Century,"
861,meta/23208/pg23208.rdf,23208,"How Janice Day Won, by Helen Beecher Long"
862,meta/43063/pg43063.rdf,43063,"A Case in Camera, by Oliver Onions"
863,meta/52050/pg52050.rdf,52050,"AutobiografÃ_a, by RubÃ©n DarÃ_oÂ Â Â Â Â Â Â Â Â Â Â Â Â Â Â Â Â Â Â Â Â Â Â Â Â Â Â Â Â Â Â Â Â Â Â Â Â Â Â Â "
864,meta/15873/pg15873.rdf,15873,"The Day of Days, by Louis Joseph Vance"
865,meta/37560/pg37560.rdf,37560,"Punch, or the London Charivari, Vol. 105, September 9, 1893, by Various"
866,meta/39596/pg39596.rdf,39596,"Georgina of the Rainbows, by Annie Fellows Johnston"
867,meta/3113/pg3113.rdf,3113,"Some Causes Of The Prevailing Discontent, by Charles Dudley Warner"
868,meta/44002/pg44002.rdf,44002,"Warren Commission Hearings (2 of 26), Vol. 2 of 15, by The"
869,meta/24624/pg24624.rdf,24624,"The Red Romance Book, by Various"
870,meta/20793/pg20793.rdf,20793,"Chambers's Edinburgh Journal, Vol. 17 New Series, No. 443, Jun 26, 1852"
871,meta/8484/pg8484.rdf,8484,"Scientific American Supplement, No. 430, March 29, 1884, by Various"
872,meta/39484/pg39484.rdf,39484,"Daddy's Bedtime Bird Stories, by Mary Graham Bonner"
873,meta/24595/pg24595.rdf,24595,"Cobb's Bill-of-Fare, by Irvin Shrewsbury Cobb"
874,meta/37852/pg37852.rdf,37852,"Chimneysmoke, by Christopher Morley"
875,meta/36772/pg36772.rdf,36772,"The Hearts of Men, by H. Fielding"
876,meta/30844/pg30844.rdf,30844,"""To Invade New York...."", by Irwin Lewis"
877,meta/40772/pg40772.rdf,40772,"Human Animals, by Frank Hamel"
878,meta/44262/pg44262.rdf,44262,"The Spanish Brothers, by Deborah Alcock"
879,meta/24051/pg24051.rdf,24051,"Li Wa Zhuan, by Xing Jian Bai"
880,meta/51195/pg51195.rdf,51195,"Camp Court and Siege, by Wickham Hoffman"
881,meta/36077/pg36077.rdf,36077,"De Nederlandsche Geslachtsnamen, by Johan Winkler"
882,meta/34925/pg34925.rdf,34925,"Parlous Times, by David Dwight Wells"
883,meta/5356/pg5356.rdf,5356,"The Inside of the Cup, Volume 1, by Winston Churchill"
884,meta/3845/pg3845.rdf,3845,"Memoirs Of Jean Francois Paul De Gondi, Cardinal De Retz, Vol. 4,"
885,meta/3953/pg3953.rdf,3953,"Cinq Mars, Complete, by Alfred de Vigny"
886,meta/6056/pg6056.rdf,6056,"The Desired Woman, by Will N. Harben"
887,meta/13138/pg13138.rdf,13138,"The Forgotten Threshold, by Arthur Middleton"
888,meta/47947/pg47947.rdf,47947,"Self Knowledge and Guide to Sex Instruction, by T. W. Shannon"
889,meta/11855/pg11855.rdf,11855,"U.S. Copyright Renewals, 1977 January - June,   by US Copyright Office"
890,meta/21890/pg21890.rdf,21890,"The Path to Home, by Edgar A. Guest"
891,meta/41508/pg41508.rdf,41508,"Seven Legs Across the Seas, by Samuel Murray"
892,meta/22211/pg22211.rdf,22211,"Gilian The Dreamer, by Neil Munro"
893,meta/41257/pg41257.rdf,41257,"L'evoluzione di Giosu?arducci, by Alfredo Panzini"
894,meta/22052/pg22052.rdf,22052,"Standish of Standish, by Jane G. Austin"
895,meta/22792/pg22792.rdf,22792,"Perils and Captivity, by Dard, Brisson and Godin"
896,meta/16000/pg16000.rdf,16000,"The Ship of Stars, by Arthur Thomas Quiller-Couch [a.k.a.: Q]"
897,meta/32005/pg32005.rdf,32005,"Border Raids and Reivers, by Robert Borland"
898,meta/38244/pg38244.rdf,38244,Histoire de France - Moyen Ã§e; (Vol. 2/10) by Jules Michelet
899,meta/7254/pg7254.rdf,7254,"Equinoctial Regions of America, Volume 3, by Alexander von Humboldt"
900,meta/18310/pg18310.rdf,18310,"The Delight Makers, by Adolf Bandelier"
901,meta/10780/pg10780.rdf,10780,"Only an Incident, by Grace Denio Litchfield"
902,meta/12521/pg12521.rdf,12521,"The Mirror of Literature, Amusement, and Instruction, Vol.20, No. 583"
903,meta/37692/pg37692.rdf,37692,"Cathedral Cities of Italy, by William Wiehe Collins"
904,meta/42708/pg42708.rdf,42708,"Woman under Monasticism, by Lina Eckenstein"
905,meta/22887/pg22887.rdf,22887,"The Courtship, Marriage, and Pic-Nic Dinner of Cock Robin & Jenny Wren"
906,meta/11808/pg11808.rdf,11808,"U.S. Copyright Renewals, 1953 July - December,  by US Copyright Office"
907,meta/43042/pg43042.rdf,43042,"The Expert Maid-Servant, by Cristine Terhune Herrick"
908,meta/5876/pg5876.rdf,5876,"Ten Englishmen of the Nineteenth Century,by J. Joy[tenenxxx.xxx]"
909,meta/38242/pg38242.rdf,38242,"Oeuvres, Tome II, by Constantin Francois Chasseboeuf Boisgirais Volney"
910,meta/23835/pg23835.rdf,23835,"Suei Tang Yan Yi, by Ren-Huo Chu"
911,meta/13752/pg13752.rdf,13752,"Wulfric the Weapon Thane, by Charles W. Whistler"
912,meta/47349/pg47349.rdf,47349,"The Wild Garden, by William Robinson"
913,meta/40830/pg40830.rdf,40830,"Twenty-Five Years in a Waggon in South Africa, by Andrew A. Anderson"
914,meta/17885/pg17885.rdf,17885,"Madelon, by Mary E. Wilkins Freeman"
915,meta/9263/pg9263.rdf,9263,"In the Midst of Alarms, by Robert Barr"
916,meta/2445/pg2445.rdf,2445,"Letters on England, by Voltaire"
917,meta/15109/pg15109.rdf,15109,"A Woman's Part in a Revolution, by Natalie Harris Hammond"
918,meta/37813/pg37813.rdf,37813,"Martyria, by Augustus C. Hamlin"
919,meta/7583/pg7583.rdf,7583,"Images from Ohnet's Serge Panine, by David Widger [dw67wxxh.xxx]"
920,meta/31575/pg31575.rdf,31575,"A Pata no Choco, by Anonymous"
921,meta/17773/pg17773.rdf,17773,"Slavery's Passed Away and Other Songs, by Various"
922,meta/45379/pg45379.rdf,45379,"Prairie-Dog Town, by Laura Bancroft"
923,meta/40202/pg40202.rdf,40202,"The Annals of Ann, by Kate Trimble Sharber"
924,meta/24075/pg24075.rdf,24075,"Qian Zi Wen, by Xing Si Zhou"
925,meta/20667/pg20667.rdf,20667,"A Canyon Voyage, by Frederick S. Dellenbaugh"
926,meta/34198/pg34198.rdf,34198,"The Will to Doubt, by Alfred H. Lloyd"
927,meta/29683/pg29683.rdf,29683,"The Little Girl Lost, by Eleanor Raper"
928,meta/1503/pg1503.rdf,1503,"King Richard III, by William Shakespeare"
929,meta/21419/pg21419.rdf,21419,"The Children: Some Educational Problems, by Alexander Darroch"
930,meta/21567/pg21567.rdf,21567,"Miniaturas Romanticas, by Sebastiao de Magalhaes Lima"
931,meta/33645/pg33645.rdf,33645,"The Man Who Couldn't Sleep, by Arthur Stringer"
932,meta/6925/pg6925.rdf,6925,"The History of Thomas Ellwood, by Thomas Ellwood"
933,meta/26306/pg26306.rdf,26306,"Simon, by J. Storer Clouston"
934,meta/33129/pg33129.rdf,33129,"Incidents of Travel in Yucatan, Vol. I., by John L. Stephens"
935,meta/30850/pg30850.rdf,30850,"Philippine Mats, by U.S. Andes, Alice Brezina,"
936,meta/43788/pg43788.rdf,43788,"Vrakets hemmelighet, by R. L. Stevenson and Lloyd Osbourne"
937,meta/33354/pg33354.rdf,33354,"Sick from Cholera, by Alexandros Papadiamantis"
938,meta/51362/pg51362.rdf,51362,"Lex, by W. T. HaggertÂ Â Â Â Â Â Â Â Â Â Â Â Â Â Â Â Â Â Â Â Â Â Â Â Â Â Â Â Â Â Â Â Â Â Â Â Â Â Â Â Â Â Â Â Â Â Â Â Â Â Â "
939,meta/23891/pg23891.rdf,23891,"En roman om forste konsuln, by Mathilda Malling"
940,meta/4240/pg4240.rdf,4240,"Women in Love, by D. H. Lawrence"
941,meta/1804/pg1804.rdf,1804,"War and the Future, by H. G. Wells"
942,meta/18988/pg18988.rdf,18988,"The First of April, by William Combe"
943,meta/39741/pg39741.rdf,39741,"In My Nursery, by Laura E. Richards"
944,meta/27148/pg27148.rdf,27148,"Jiao She Pa, by Ben Chan"
945,meta/45621/pg45621.rdf,45621,"South America To-day, by Georges Clemenceau"
946,meta/6492/pg6492.rdf,6492,"Biographies of Working Men, by Grant Allen"
947,meta/8282/pg8282.rdf,8282,The World English Bible (WEB): 2 Timothy          [web55xxx.xxx]
948,meta/51964/pg51964.rdf,51964,"A Georgian Pageant, by Frank Frankfort Moore"
949,meta/26818/pg26818.rdf,26818,"Lettres ?ites de Lausanne, by Madame de Charri?"
950,meta/24209/pg24209.rdf,24209,"Kittyn paivakirja, by Elizabeth Charles"
951,meta/40741/pg40741.rdf,40741,"Paul and His Dog, v.1 (Novels of Paul de Kock Volume XIII),"
952,meta/24586/pg24586.rdf,24586,"The Story of My Life, by Egerton Ryerson"
953,meta/8834/pg8834.rdf,8834,"Weymouth New Testament in Modern Speech, 1 Corinthians, R. F. Weymouth"
954,meta/43750/pg43750.rdf,43750,"Ancient Man in Britain, by Donald Alexander Mackenzie"
955,meta/5560/pg5560.rdf,5560,"Margery, Complete, by Georg Ebers"
956,meta/35343/pg35343.rdf,35343,"L'Illustration, No. 3251, 17 Juin 1905, by Various"
957,meta/40036/pg40036.rdf,40036,"Tramping with Tramps, by Josiah Flynt"
958,meta/24448/pg24448.rdf,24448,"Om en door den Peloponnesus, by B. de Jandin"
959,meta/15885/pg15885.rdf,15885,"Les pilotes de l'Iroise, by ?ouard Corbi?"
960,meta/40353/pg40353.rdf,40353,"The Datchet Diamonds, by Richard Marsh"
961,meta/42611/pg42611.rdf,42611,"In to the Yukon, by William Seymour Edwards"
962,meta/40566/pg40566.rdf,40566,"Moth and Rust, by Mary Cholmondeley"
963,meta/47847/pg47847.rdf,47847,"Studies in the Theory of Descent, Vol. 1 of 2, by August Weismann"
964,meta/43988/pg43988.rdf,43988,"Titian, by Samuel Levy Bensusan"
965,meta/4619/pg4619.rdf,4619,"Words of Cheer, by T.S. Arthur         [Arthur#14][wrdscxxx.xxx]"
966,meta/39472/pg39472.rdf,39472,"Zoological Illustrations, Volume II, by William Swainson"
967,meta/50808/pg50808.rdf,50808,"Eutropius, by Flavius Eutropius"
968,meta/37206/pg37206.rdf,37206,"Sea and Sardinia, by D. H. Lawrence"
969,meta/38899/pg38899.rdf,38899,"Punch, or the London Charivari, Vol. 150, June 21st, 1916, by Various"
970,meta/1997/pg1997.rdf,1997,"The Divine Comedy, Vol. 3, Paradise, by Dante Alighieri"
971,meta/13857/pg13857.rdf,13857,"La reine Margot - Tome II, by Alexandre Dumas, Pere"
972,meta/13085/pg13085.rdf,13085,"A Diversity of Creatures, by Rudyard Kipling"
973,meta/43343/pg43343.rdf,43343,"The Vegetable Lamb of Tartary, by Henry Lee"
974,meta/51058/pg51058.rdf,51058,"Technical Manual No. 9-879: Motorcycle, Solo, (Harley-Davidson"
975,meta/700/pg700.rdf,700,"The Old Curiosity Shop, by Charles Dickens"
976,meta/23433/pg23433.rdf,23433,"The Kitten's Garden of Verses, by Oliver Herford"
977,meta/25610/pg25610.rdf,25610,"A Child's Garden of Verses, by Robert Louis Stevenson"
978,meta/23117/pg23117.rdf,23117,"The Island Home, by Richard Archer"
979,meta/40119/pg40119.rdf,40119,"Curiosities of Light and Sight, by Shelford Bidwell"
980,meta/7868/pg7868.rdf,7868,"Child's Story Garden, Compiled by Elizabeth Heber"
981,meta/42940/pg42940.rdf,42940,"The Battleship Boys in Foreign Service, by Frank Gee Patchin"
982,meta/14974/pg14974.rdf,14974,"Punch, Vol. 152, April 4, 1917, Ed. by Sir Owen Seaman"
983,meta/18011/pg18011.rdf,18011,"The Portion of Labor, by Mary E. Wilkins Freeman"
984,meta/1812/pg1812.rdf,1812,"A Prince of Bohemia, by Honore de Balzac"
985,meta/4450/pg4450.rdf,4450,"The Adventures of Harry Richmond, Vol. 7, by George Meredith"
986,meta/31698/pg31698.rdf,31698,"History of Nineteenth Century Literature (1780-1895), George Saintsbury"
987,meta/48790/pg48790.rdf,48790,"The Catholic World, Vol. 15, Nos. 85-90,"
988,meta/8012/pg8012.rdf,8012,"The Bible, King James, 2 Kings        Book 12[#32][bib12xxx.xxx]"
989,meta/12669/pg12669.rdf,12669,"Marriage, by Susan Edmonstone Ferrier"
990,meta/16417/pg16417.rdf,16417,"Spadacrene Anglica, by Edmund Deane"
991,meta/36662/pg36662.rdf,36662,"The Palm Tree Blessing, by W. E. Shepard"
992,meta/44992/pg44992.rdf,44992,"Travelling Sketches, by Anthony Trollope"
993,meta/1444/pg1444.rdf,1444,"The Voice of the City, by O. Henry"
994,meta/23087/pg23087.rdf,23087,"Punch, Vol. 146, March 18, 1914, ed. by Sir Owen Seaman"
995,meta/26810/pg26810.rdf,26810,"L'amour et la raison, by Charles-Antoine-Guillaume Pigault de l'Epinoy"
996,meta/45169/pg45169.rdf,45169,"The Autobiography of a Thief, by Hutchins Hapgood"
997,meta/30210/pg30210.rdf,30210,"Comic Bible Sketches, by George W. Foote"
998,meta/40882/pg40882.rdf,40882,"Felix Holt, The Radical, by George Eliot"
999,meta/39270/pg39270.rdf,39270,"The Life and Opinions of Tristram Shandy, Gentleman, by Laurence Sterne"
1000,meta/16550/pg16550.rdf,16550,"The Prose Works of William Wordsworth, by William Wordsworth"
1001,meta/5947/pg5947.rdf,5947,"Billy Bunny and Uncle Bull Frog, by David Cory"
1002,meta/37182/pg37182.rdf,37182,"Colorado--The Bright Romance of American History, by F. C. Grable"
1003,meta/3066/pg3066.rdf,3066,"The Red Man's Continent: A Chronicle of Aboriginal America,"
1004,meta/14616/pg14616.rdf,14616,"Thoughts, Moods and Ideals: Crimes of Leisure, by W.D. Lighthall"
1005,meta/6956/pg6956.rdf,6956,"In Divers Tones, by Charles G. D. Roberts         [divrwxxx.xxx]"
1006,meta/47296/pg47296.rdf,47296,"The Popular Science Monthly, October, 1900, by Various"
1007,meta/11219/pg11219.rdf,11219,"The Mirror of Literature, Amusement, and Instruction, Vol. 14, No. 384"
1008,meta/39752/pg39752.rdf,39752,"Fairy Legends and Traditions of The South of Ireland,"
1009,meta/17913/pg17913.rdf,17913,"Clemence, by Retta Babcock"
1010,meta/45780/pg45780.rdf,45780,"Beaumont & Fletcher's Works (1 through 5), by Francis Beaumont"
1011,meta/45743/pg45743.rdf,45743,"Joan of Arc, by Laura E. Richards"
1012,meta/32359/pg32359.rdf,32359,"Sinister Paradise, by Robert Moore Williams"
1013,meta/39739/pg39739.rdf,39739,"Oeuvres de P. Corneille, Tome IV, by Pierre Corneille"
1014,meta/27864/pg27864.rdf,27864,"Ainslee's, Vol. 15, No. 5, June 1905, by Various"
1015,meta/36991/pg36991.rdf,36991,"The ghosts of their ancestors, by Weymer Jay Mills"
1016,meta/36845/pg36845.rdf,36845,"Christmas Short Stories, by Alexandros Papadiamantis"
1017,meta/30421/pg30421.rdf,30421,"The Age of Pope, by John Dennis"
1018,meta/34698/pg34698.rdf,34698,"Essays Upon Some Controverted Questions, by Thomas H. Huxley"
1019,meta/17932/pg17932.rdf,17932,"The Second Class Passenger, by Perceval Gibbon"
1020,meta/10597/pg10597.rdf,10597,"Four Early Pamphlets, by William Godwin"
1021,meta/13021/pg13021.rdf,13021,"Messages and Papers of Rutherford B. Hayes, Ed. by James D. Richardson"
1022,meta/48315/pg48315.rdf,48315,"David Blaize, by Edward Frederic Benson"
1023,meta/21127/pg21127.rdf,21127,"The Mystics, by Katherine Cecil Thurston"
1024,meta/41718/pg41718.rdf,41718,"Dave Dawson on the Russian Front, by R. Sidney Bowen"
1025,meta/11269/pg11269.rdf,11269,"Virgie's Inheritance, by Mrs. Georgie Sheldon"
1026,meta/8076/pg8076.rdf,8076,"The History of David Grieve, by Mrs. Humphry Ward"
1027,meta/22672/pg22672.rdf,22672,"Punch, Vol. 150, January 12, 1916, ed. by Sir Owen Seaman"
1028,meta/41517/pg41517.rdf,41517,"Die Schlacht bei Sempach, by Robert Walser"
1029,meta/32521/pg32521.rdf,32521,"Keep-Well Stories for Little Folks, by May Farinholt-Jones"
1030,meta/43234/pg43234.rdf,43234,"Bright Ideas, by Herbert Strang"
1031,meta/22377/pg22377.rdf,22377,"Rollo in Switzerland, by Jacob Abbott"
1032,meta/47200/pg47200.rdf,47200,"Oracles from the Poets, by Caroline Gilman"
1033,meta/25485/pg25485.rdf,25485,"Dikes and Ditches, by Oliver Optic"
1034,meta/7948/pg7948.rdf,7948,"Abbotsford and Newstead Abbey, by Washington Irving"
1035,meta/30715/pg30715.rdf,30715,"Where There's Hope, by Jerome Bixby"
1036,meta/46219/pg46219.rdf,46219,"An Unsinkable Titanic, by John Bernard Walker"
1037,meta/36522/pg36522.rdf,36522,"The Trail of the Axe, by Ridgwell Cullum"